customer_id,age,monthly_income,credit_score,employment_status,monthly_total_spend,travel_spend,dining_spend,online_shopping_spend,fuel_spend,preferred_reward
CUST_0000,55,11933,705,Retired,5552,3746,646,4042,148,Cashback
CUST_0001,68,17025,821,Freelance,10284,449,2048,3667,271,Travel
CUST_0002,45,24898,724,Executive,6295,1354,560,521,298,Shopping
CUST_0003,55,1589,653,Freelance,4009,3324,1119,1525,171,Dining
CUST_0004,45,19593,641,Retired,8198,3752,712,1469,46,Shopping
CUST_0005,49,11861,735,Executive,7543,1986,412,2675,206,Cashback
CUST_0006,38,17869,832,Retired,6448,1308,537,1513,452,Fuel
CUST_0007,66,4541,730,Retired,5971,1297,1878,4876,394,Fuel
CUST_0008,38,1605,719,Retired,8690,2067,2476,1451,300,Cashback
CUST_0009,22,10578,736,Executive,1124,2286,234,4654,175,Travel
CUST_0010,74,19779,724,Full-time,10985,1293,2396,3430,109,Shopping
CUST_0011,55,7590,771,Executive,11762,2465,1779,3007,201,Fuel
CUST_0012,36,7582,782,Retired,11575,3381,1893,3124,167,Travel
CUST_0013,61,18518,711,Executive,4357,3102,1504,1753,85,Cashback
CUST_0014,56,3425,683,Retired,4387,1849,1862,4955,50,Travel
CUST_0015,53,19940,773,Full-time,951,3175,2443,1612,111,Cashback
CUST_0016,24,8417,702,Freelance,1754,3753,1374,3275,462,Shopping
CUST_0017,53,21028,582,Full-time,5154,185,415,555,441,Travel
CUST_0018,34,2052,604,Full-time,11363,3199,1909,4251,270,Shopping
CUST_0019,41,23267,556,Freelance,7960,1233,915,2049,576,Travel
CUST_0020,68,5411,793,Executive,10183,1437,80,824,343,Cashback
CUST_0021,40,4889,675,Freelance,1487,3352,2083,2849,182,Cashback
CUST_0022,76,15129,561,Executive,9301,252,1090,3030,502,Travel
CUST_0023,28,3930,565,Executive,10494,18,1690,1081,9,Cashback
CUST_0024,27,1958,757,Retired,3927,2759,756,3325,493,Dining
CUST_0025,23,14895,592,Retired,7563,3803,467,492,233,Dining
CUST_0026,37,1707,684,Freelance,4195,1159,1165,4764,297,Shopping
CUST_0027,53,2399,777,Full-time,9805,222,2403,74,243,Dining
CUST_0028,68,13153,660,Freelance,1645,2,1494,2991,508,Dining
CUST_0029,32,17905,709,Executive,1964,1259,1644,3360,350,Fuel
CUST_0030,79,10101,813,Retired,6704,853,1019,370,266,Fuel
CUST_0031,71,2394,774,Freelance,10759,1488,1614,4682,200,Fuel
CUST_0032,42,2014,766,Freelance,6160,227,901,328,238,Fuel
CUST_0033,75,22788,594,Retired,1154,2960,672,4685,333,Cashback
CUST_0034,42,5609,763,Retired,2672,1677,438,1790,414,Shopping
CUST_0035,66,14758,608,Retired,2824,498,126,776,483,Shopping
CUST_0036,50,16813,681,Executive,3617,2568,2252,2022,436,Dining
CUST_0037,58,16849,653,Retired,4632,2749,2076,4674,245,Shopping
CUST_0038,58,8679,744,Full-time,9057,1885,444,4316,7,Dining
CUST_0039,65,11826,706,Freelance,11513,2964,965,1187,151,Shopping
CUST_0040,71,13287,647,Retired,3381,3748,463,1503,391,Travel
CUST_0041,74,3060,775,Retired,10382,2015,2198,3291,210,Travel
CUST_0042,28,15112,754,Executive,10122,1162,2287,3325,366,Shopping
CUST_0043,47,19150,628,Executive,3286,1299,2313,187,569,Cashback
CUST_0044,47,21522,673,Freelance,9826,2338,912,1214,85,Dining
CUST_0045,54,21311,767,Full-time,9218,1076,496,3286,54,Shopping
CUST_0046,41,6280,553,Freelance,3243,3758,1463,3446,445,Dining
CUST_0047,50,19811,639,Retired,9719,3181,1771,1109,303,Fuel
CUST_0048,53,13394,653,Full-time,1836,714,157,2521,131,Shopping
CUST_0049,48,3856,668,Full-time,10824,947,171,4939,420,Cashback
CUST_0050,67,6290,682,Full-time,11732,2695,493,3879,384,Fuel
CUST_0051,53,18190,645,Full-time,9484,3075,969,530,197,Shopping
CUST_0052,25,21549,692,Freelance,8235,3738,1334,1070,46,Travel
CUST_0053,68,11681,837,Executive,2348,2731,1426,3136,202,Shopping
CUST_0054,39,8557,577,Executive,10135,869,1692,962,260,Travel
CUST_0055,24,17582,827,Retired,5865,1070,1793,1405,23,Travel
CUST_0056,55,2161,782,Executive,7296,93,658,3137,339,Shopping
CUST_0057,69,6144,566,Executive,6983,2987,665,516,411,Shopping
CUST_0058,37,17211,608,Executive,4757,559,366,3164,260,Travel
CUST_0059,64,4420,639,Executive,4207,1775,549,1491,285,Dining
CUST_0060,48,17502,748,Retired,1439,3930,642,3689,512,Fuel
CUST_0061,50,15525,575,Freelance,972,2260,1893,4228,85,Cashback
CUST_0062,49,10446,574,Full-time,6466,435,254,4409,429,Shopping
CUST_0063,66,14232,816,Executive,5154,851,207,590,580,Fuel
CUST_0064,73,7736,730,Freelance,4759,2555,2497,1543,30,Fuel
CUST_0065,26,17809,617,Executive,9508,2883,94,3056,439,Dining
CUST_0066,55,23962,598,Executive,9514,2698,1883,2206,348,Fuel
CUST_0067,61,15018,724,Full-time,10909,204,477,3339,411,Shopping
CUST_0068,57,1852,601,Full-time,3686,2428,761,2708,527,Fuel
CUST_0069,44,8505,651,Full-time,2964,3144,189,4029,309,Shopping
CUST_0070,49,15536,765,Executive,10921,3587,1507,747,395,Shopping
CUST_0071,69,18042,737,Executive,4745,1099,1756,800,337,Travel
CUST_0072,66,2456,606,Executive,6035,3912,1559,1497,436,Dining
CUST_0073,73,3571,596,Full-time,11201,76,755,1379,364,Cashback
CUST_0074,51,10095,708,Retired,8546,815,1446,679,112,Travel
CUST_0075,55,16640,723,Freelance,3390,767,835,3770,175,Cashback
CUST_0076,53,14303,791,Retired,8554,2457,1663,3342,148,Shopping
CUST_0077,72,4953,831,Executive,5734,3685,1628,896,177,Travel
CUST_0078,41,8175,790,Executive,4876,105,1835,1546,381,Fuel
CUST_0079,52,2455,554,Retired,5985,3916,132,3126,222,Fuel
CUST_0080,43,7795,633,Executive,1893,2598,54,683,258,Cashback
CUST_0081,53,17421,797,Freelance,4680,3547,509,1295,188,Shopping
CUST_0082,23,19596,603,Executive,11486,2873,669,1385,305,Cashback
CUST_0083,38,16782,710,Freelance,7359,3346,2457,942,377,Dining
CUST_0084,45,6203,775,Retired,11571,2135,1689,3280,342,Fuel
CUST_0085,62,8063,564,Retired,11480,1746,1316,1033,155,Travel
CUST_0086,51,23515,773,Executive,3585,2928,733,2786,54,Travel
CUST_0087,74,13503,610,Freelance,6865,3148,1693,2233,441,Travel
CUST_0088,78,12317,671,Executive,7339,3148,258,3645,199,Fuel
CUST_0089,23,12671,826,Full-time,11750,1465,1145,1620,402,Shopping
CUST_0090,60,14082,595,Full-time,2374,2587,298,3535,176,Fuel
CUST_0091,66,13701,843,Full-time,6476,244,560,3205,448,Fuel
CUST_0092,44,19278,611,Full-time,11365,2625,1912,2882,540,Travel
CUST_0093,70,13973,635,Executive,8860,3849,1864,4904,300,Fuel
CUST_0094,52,10961,759,Full-time,4790,1405,296,170,306,Travel
CUST_0095,67,22616,627,Freelance,6010,981,2409,1553,266,Shopping
CUST_0096,42,21598,751,Retired,5645,2764,1461,3897,213,Dining
CUST_0097,43,17096,772,Retired,10085,3641,2174,1595,593,Travel
CUST_0098,22,2029,771,Full-time,1989,1736,196,1623,482,Cashback
CUST_0099,47,20842,552,Full-time,3489,3808,2268,4122,261,Dining
CUST_0100,62,21475,555,Full-time,4895,141,994,1091,66,Shopping
CUST_0101,22,24779,642,Executive,2675,892,2138,2837,573,Dining
CUST_0102,46,14265,557,Retired,8568,1391,2458,407,132,Travel
CUST_0103,37,15410,784,Full-time,4206,3155,7,4169,539,Shopping
CUST_0104,60,13061,657,Freelance,10779,3214,319,679,511,Cashback
CUST_0105,53,10631,710,Full-time,4732,2399,1417,4944,210,Travel
CUST_0106,29,2025,758,Retired,10599,544,2316,4965,252,Travel
CUST_0107,63,24361,789,Full-time,9040,2960,1698,236,37,Shopping
CUST_0108,74,17885,599,Retired,6208,2199,2108,2774,42,Shopping
CUST_0109,68,1874,560,Full-time,4661,3229,1461,3437,404,Dining
CUST_0110,59,13697,705,Freelance,8206,1469,1287,3357,45,Cashback
CUST_0111,49,6148,619,Full-time,11172,2700,1118,2877,453,Dining
CUST_0112,62,3865,718,Freelance,3633,3005,552,2423,304,Dining
CUST_0113,75,19409,821,Freelance,6085,762,660,4714,232,Travel
CUST_0114,46,3146,617,Full-time,10389,3374,715,3147,244,Shopping
CUST_0115,55,1513,801,Freelance,8445,623,2241,1032,294,Travel
CUST_0116,70,6099,597,Executive,9823,655,1458,2854,382,Cashback
CUST_0117,45,3778,733,Full-time,11689,2497,854,2940,157,Dining
CUST_0118,44,15796,736,Full-time,5577,2768,2259,3701,404,Cashback
CUST_0119,33,4655,639,Freelance,3535,1247,664,4070,0,Shopping
CUST_0120,78,9821,688,Freelance,9073,42,1897,3132,216,Shopping
CUST_0121,27,5314,638,Full-time,9078,2311,1674,3460,506,Fuel
CUST_0122,77,14625,823,Executive,7168,3827,2268,4942,580,Cashback
CUST_0123,56,4716,568,Freelance,11055,1026,272,1923,29,Travel
CUST_0124,65,3613,703,Freelance,1621,1660,1177,633,519,Cashback
CUST_0125,40,22240,809,Retired,8325,1291,1272,4103,274,Dining
CUST_0126,21,11738,657,Executive,962,595,278,1392,491,Shopping
CUST_0127,28,15260,834,Executive,8577,3087,815,3446,35,Shopping
CUST_0128,66,23427,608,Full-time,11389,3405,275,3098,310,Cashback
CUST_0129,36,22439,674,Executive,2732,3535,1004,4944,43,Cashback
CUST_0130,34,14088,822,Full-time,11720,3130,922,61,154,Cashback
CUST_0131,32,24946,656,Retired,4335,1012,641,2469,76,Dining
CUST_0132,71,4874,848,Executive,6756,2224,504,1817,589,Dining
CUST_0133,43,7930,794,Freelance,4246,2110,771,632,437,Travel
CUST_0134,35,21350,796,Retired,3590,957,1264,4887,431,Cashback
CUST_0135,48,20965,557,Full-time,3507,3050,1259,2598,541,Travel
CUST_0136,54,13470,690,Retired,8759,560,1013,3451,38,Fuel
CUST_0137,22,2129,557,Full-time,4733,1330,127,1300,238,Dining
CUST_0138,52,18153,643,Retired,4185,3317,1223,2653,12,Shopping
CUST_0139,43,12331,588,Full-time,7436,1312,1525,1454,121,Fuel
CUST_0140,42,7224,630,Executive,1722,1821,1673,1138,143,Shopping
CUST_0141,71,23781,736,Freelance,8889,3002,491,3192,454,Fuel
CUST_0142,45,12583,633,Full-time,11167,3403,1257,4620,367,Travel
CUST_0143,78,14649,637,Retired,10574,1550,1666,4994,246,Travel
CUST_0144,42,21316,791,Full-time,1364,849,415,2210,44,Dining
CUST_0145,78,10972,642,Full-time,4058,1278,2195,4882,374,Shopping
CUST_0146,78,7776,635,Full-time,11589,2651,969,3759,290,Fuel
CUST_0147,42,17135,593,Retired,3300,1533,2076,3029,206,Cashback
CUST_0148,69,7395,686,Freelance,5366,1814,1384,1360,518,Cashback
CUST_0149,72,15494,623,Executive,9979,1741,307,2426,241,Dining
CUST_0150,62,24999,585,Freelance,7681,605,2209,4268,113,Shopping
CUST_0151,26,24540,650,Full-time,4436,3808,60,63,301,Cashback
CUST_0152,35,12052,705,Retired,6830,3884,2172,1345,275,Dining
CUST_0153,74,18459,804,Freelance,1023,2877,1479,974,95,Dining
CUST_0154,63,24913,720,Full-time,7097,1486,1930,4161,293,Shopping
CUST_0155,57,7599,765,Executive,1150,3270,2290,3628,359,Cashback
CUST_0156,53,10999,719,Executive,8114,1294,1513,1622,287,Cashback
CUST_0157,28,21076,801,Executive,2728,745,472,457,153,Cashback
CUST_0158,73,4678,604,Full-time,8543,557,958,3330,569,Travel
CUST_0159,64,23936,640,Retired,9340,2111,532,1740,422,Cashback
CUST_0160,64,20618,827,Freelance,5532,3301,493,3026,49,Fuel
CUST_0161,25,7616,650,Executive,1817,941,81,1954,206,Travel
CUST_0162,59,17063,704,Full-time,3026,2296,878,279,563,Travel
CUST_0163,24,5068,690,Full-time,8006,1269,1545,2391,564,Travel
CUST_0164,26,11347,722,Freelance,7970,939,11,1040,212,Travel
CUST_0165,65,15635,559,Executive,7007,1610,1286,961,65,Dining
CUST_0166,52,20087,777,Full-time,3219,2204,448,3845,231,Fuel
CUST_0167,72,19274,814,Freelance,7040,2782,761,1217,319,Shopping
CUST_0168,50,3242,797,Retired,2693,1725,25,3220,136,Cashback
CUST_0169,67,19809,796,Retired,6122,984,1806,374,565,Travel
CUST_0170,55,2119,704,Retired,11060,1587,1568,4130,64,Shopping
CUST_0171,75,19158,583,Executive,8518,3159,61,1392,513,Dining
CUST_0172,60,18840,678,Freelance,7678,1336,228,2076,131,Shopping
CUST_0173,72,3439,709,Freelance,1925,1874,1838,774,333,Travel
CUST_0174,36,21837,638,Full-time,3917,3137,606,4316,31,Fuel
CUST_0175,33,17501,642,Full-time,4961,661,1058,3424,497,Shopping
CUST_0176,70,2468,790,Full-time,4842,3091,1728,2123,242,Travel
CUST_0177,62,16346,666,Freelance,5233,32,1479,4589,191,Travel
CUST_0178,50,1781,643,Full-time,11162,3911,1525,3593,141,Cashback
CUST_0179,39,16860,712,Freelance,9438,1816,760,279,560,Cashback
CUST_0180,37,7762,648,Freelance,3458,2605,594,4841,190,Fuel
CUST_0181,76,2558,662,Retired,11710,2120,1592,2811,148,Cashback
CUST_0182,39,22177,640,Full-time,4283,1889,1055,2342,598,Fuel
CUST_0183,48,12224,755,Retired,3744,2872,1854,1474,415,Dining
CUST_0184,78,6678,566,Executive,8010,3414,2048,1857,519,Dining
CUST_0185,75,8480,823,Executive,8453,1156,1458,2889,15,Cashback
CUST_0186,46,10700,722,Executive,9587,3126,1861,1059,105,Dining
CUST_0187,57,2729,665,Freelance,2786,60,1159,1922,282,Shopping
CUST_0188,46,22469,730,Freelance,11742,3928,1219,3799,103,Shopping
CUST_0189,73,9967,640,Freelance,1874,1543,132,4592,360,Shopping
CUST_0190,43,20624,631,Full-time,5105,271,85,2473,34,Dining
CUST_0191,29,3789,663,Retired,3807,2293,1499,4139,112,Shopping
CUST_0192,32,2739,806,Freelance,1769,1199,1830,1851,307,Fuel
CUST_0193,73,6870,607,Retired,9572,2675,1203,3541,52,Travel
CUST_0194,21,17670,703,Retired,3624,3388,174,4549,80,Cashback
CUST_0195,78,1625,665,Retired,2011,1806,1975,594,368,Fuel
CUST_0196,78,14004,815,Full-time,1029,2752,577,506,241,Shopping
CUST_0197,21,16898,752,Full-time,5084,2709,1798,4889,30,Travel
CUST_0198,67,23226,590,Executive,3985,1154,2096,20,360,Cashback
CUST_0199,54,8138,654,Executive,1301,1125,144,1399,232,Fuel
CUST_0200,52,8070,742,Retired,11124,309,761,3201,33,Cashback
CUST_0201,74,4749,827,Executive,848,3853,1377,2461,242,Dining
CUST_0202,68,10610,786,Retired,4366,1315,1825,3678,58,Shopping
CUST_0203,45,9095,770,Full-time,3855,1745,928,336,528,Fuel
CUST_0204,60,15105,617,Full-time,9680,2542,793,1667,77,Fuel
CUST_0205,65,13615,746,Full-time,1186,3432,1601,3576,301,Travel
CUST_0206,73,7794,805,Freelance,1769,337,1660,909,111,Travel
CUST_0207,21,24411,688,Retired,9997,2626,318,275,412,Travel
CUST_0208,36,7257,698,Full-time,6620,9,1110,891,316,Cashback
CUST_0209,59,14095,648,Retired,3852,48,1576,12,144,Shopping
CUST_0210,25,3469,625,Executive,8197,1510,697,4057,17,Cashback
CUST_0211,42,12485,831,Executive,3102,2670,846,3025,350,Shopping
CUST_0212,49,18775,658,Full-time,3083,1344,1801,973,154,Fuel
CUST_0213,75,5970,737,Retired,10599,730,782,4270,505,Cashback
CUST_0214,23,11725,748,Full-time,5166,3640,2089,3970,359,Cashback
CUST_0215,32,11056,703,Executive,922,794,1116,1408,331,Cashback
CUST_0216,46,10706,589,Full-time,7599,3018,1750,1943,527,Dining
CUST_0217,36,11491,682,Retired,10272,1648,1649,2288,11,Shopping
CUST_0218,71,24696,681,Executive,4527,132,291,546,74,Shopping
CUST_0219,57,9019,828,Freelance,9250,3654,968,1218,211,Cashback
CUST_0220,42,15169,633,Executive,9939,2130,1487,1420,282,Dining
CUST_0221,77,6112,791,Freelance,5758,2104,1842,1454,194,Cashback
CUST_0222,49,13873,665,Full-time,1324,375,96,3377,29,Shopping
CUST_0223,34,19082,658,Full-time,9879,2396,1118,2772,8,Fuel
CUST_0224,48,17052,770,Retired,9199,270,73,4098,308,Dining
CUST_0225,25,16146,590,Freelance,11786,1506,1359,2738,444,Dining
CUST_0226,67,6738,696,Full-time,948,2158,1091,3747,309,Cashback
CUST_0227,69,17077,661,Freelance,8801,2916,757,1842,425,Fuel
CUST_0228,50,23973,652,Full-time,1237,2934,1941,746,590,Shopping
CUST_0229,66,24141,595,Executive,11194,75,207,2816,90,Travel
CUST_0230,72,17004,820,Full-time,4549,3229,1244,871,455,Shopping
CUST_0231,25,5219,744,Retired,8986,3603,1285,494,443,Shopping
CUST_0232,32,1802,829,Executive,5253,1956,409,3444,78,Fuel
CUST_0233,36,13644,832,Retired,6136,1666,2378,4723,474,Dining
CUST_0234,46,18870,589,Executive,5351,328,2391,1075,102,Shopping
CUST_0235,46,11555,738,Freelance,3623,2169,770,3994,455,Dining
CUST_0236,68,5940,713,Retired,6528,40,1843,4237,313,Fuel
CUST_0237,41,22793,573,Full-time,9477,1190,73,45,246,Fuel
CUST_0238,59,4572,573,Freelance,9191,2969,1660,3056,233,Cashback
CUST_0239,56,15098,553,Full-time,2782,2689,253,2057,593,Travel
CUST_0240,53,15787,839,Executive,7796,3094,819,663,234,Fuel
CUST_0241,50,15465,730,Executive,10463,2326,985,4668,386,Fuel
CUST_0242,57,21008,797,Full-time,3111,2810,331,2029,37,Dining
CUST_0243,43,11019,665,Full-time,8025,2516,1421,2696,160,Fuel
CUST_0244,78,14880,828,Freelance,11070,3471,835,639,461,Shopping
CUST_0245,30,13365,618,Full-time,10513,2056,1691,2663,448,Cashback
CUST_0246,74,9625,803,Retired,1404,12,454,2745,116,Cashback
CUST_0247,25,4791,730,Retired,8975,923,1929,4964,240,Shopping
CUST_0248,56,5533,718,Full-time,6585,2970,1138,4948,25,Fuel
CUST_0249,54,6605,798,Retired,10409,1842,312,4402,561,Travel
CUST_0250,72,18587,737,Full-time,5397,3903,1017,2595,297,Fuel
CUST_0251,51,9633,603,Freelance,8559,3123,227,3427,153,Cashback
CUST_0252,30,18458,687,Retired,8332,1232,857,394,467,Travel
CUST_0253,78,7204,717,Retired,11925,3621,1268,3597,48,Dining
CUST_0254,39,9348,652,Full-time,9540,3683,1017,4844,45,Dining
CUST_0255,78,23092,634,Retired,1638,3776,949,2332,284,Fuel
CUST_0256,52,14475,761,Executive,4615,3473,426,329,81,Fuel
CUST_0257,21,8424,552,Freelance,1647,1214,2089,2097,43,Travel
CUST_0258,76,21712,728,Freelance,5509,3122,464,772,272,Travel
CUST_0259,25,21114,587,Retired,5307,3464,1645,1645,393,Fuel
CUST_0260,65,1988,788,Retired,7375,652,277,1732,594,Cashback
CUST_0261,24,8614,718,Executive,5573,1703,18,4473,57,Dining
CUST_0262,36,17240,579,Executive,5268,3894,65,1787,564,Travel
CUST_0263,44,4673,739,Retired,11264,620,166,1623,0,Cashback
CUST_0264,36,3167,574,Retired,5992,3790,1608,999,215,Fuel
CUST_0265,75,5614,661,Executive,4120,1962,402,1848,316,Shopping
CUST_0266,22,5053,755,Full-time,11550,3371,408,1561,227,Travel
CUST_0267,69,9261,734,Executive,5498,1645,2159,773,472,Shopping
CUST_0268,48,2500,596,Full-time,5111,2243,596,1803,483,Cashback
CUST_0269,52,17138,777,Freelance,10988,416,1062,1098,286,Dining
CUST_0270,47,19272,588,Freelance,4473,663,2152,2050,510,Cashback
CUST_0271,40,6950,565,Executive,2364,3491,323,1598,577,Dining
CUST_0272,44,5212,571,Full-time,2640,1778,1982,747,457,Cashback
CUST_0273,32,2867,762,Executive,6858,3711,1437,3973,94,Travel
CUST_0274,70,9689,698,Executive,7931,3688,428,2322,492,Travel
CUST_0275,55,10513,790,Full-time,11879,3593,1084,1553,149,Shopping
CUST_0276,53,18338,821,Executive,1526,1379,1635,1615,22,Cashback
CUST_0277,53,20656,608,Freelance,10236,147,1377,3754,214,Cashback
CUST_0278,71,5226,836,Retired,7497,2045,392,4424,398,Shopping
CUST_0279,63,6306,751,Retired,10057,3048,2251,2302,409,Fuel
CUST_0280,57,3690,581,Executive,1082,1388,2305,4221,130,Cashback
CUST_0281,32,10608,711,Full-time,1881,2411,1540,4862,147,Cashback
CUST_0282,23,13678,804,Full-time,4685,3723,445,3655,380,Cashback
CUST_0283,21,4375,803,Freelance,3681,1725,1203,3395,108,Fuel
CUST_0284,53,7092,558,Full-time,11576,401,1023,216,551,Travel
CUST_0285,60,19324,688,Full-time,3770,2653,341,3316,120,Shopping
CUST_0286,30,14092,559,Freelance,10144,1515,132,1359,294,Fuel
CUST_0287,63,10427,763,Executive,7785,2031,2490,3774,119,Dining
CUST_0288,64,23943,822,Retired,1747,228,1859,4927,455,Dining
CUST_0289,49,15937,597,Freelance,5560,1598,2300,4277,529,Fuel
CUST_0290,33,13030,660,Executive,10709,3923,264,4429,168,Fuel
CUST_0291,32,8510,702,Freelance,866,2584,92,4606,142,Travel
CUST_0292,51,12707,672,Executive,9628,267,1685,4478,36,Dining
CUST_0293,66,4489,651,Freelance,9305,1428,1434,1896,260,Shopping
CUST_0294,22,13540,790,Executive,1364,1816,2185,4427,230,Cashback
CUST_0295,71,10718,740,Freelance,10593,1034,1231,899,253,Cashback
CUST_0296,70,24112,766,Executive,9817,1343,1001,641,328,Travel
CUST_0297,55,7971,600,Freelance,4470,3784,1660,4729,296,Travel
CUST_0298,43,4363,841,Retired,10017,125,1596,3627,9,Dining
CUST_0299,37,12193,630,Retired,3051,2353,2354,195,445,Shopping
CUST_0300,46,2677,637,Full-time,1604,1725,265,1893,229,Shopping
CUST_0301,28,6260,743,Executive,11443,3582,645,3275,535,Fuel
CUST_0302,49,1511,653,Freelance,5431,1112,2365,4050,77,Travel
CUST_0303,46,23136,820,Executive,10383,3426,1136,4553,424,Cashback
CUST_0304,30,17853,645,Retired,2035,2675,1401,4925,192,Cashback
CUST_0305,46,22283,747,Executive,7520,1375,453,2304,400,Dining
CUST_0306,54,13056,550,Freelance,7706,688,2238,3600,108,Cashback
CUST_0307,71,13063,716,Executive,6816,3085,1914,3343,262,Shopping
CUST_0308,61,15551,675,Freelance,4349,1280,1463,2056,328,Shopping
CUST_0309,27,12522,630,Retired,8738,1232,1210,2808,362,Travel
CUST_0310,24,9734,800,Retired,4941,280,830,1224,377,Dining
CUST_0311,78,23329,718,Retired,7766,442,1390,886,340,Cashback
CUST_0312,73,17673,622,Full-time,10346,1863,1112,392,258,Travel
CUST_0313,70,14678,690,Retired,6135,836,2234,1675,334,Fuel
CUST_0314,65,8070,619,Executive,5877,388,1969,3190,84,Fuel
CUST_0315,31,1906,811,Full-time,6411,616,2179,2446,521,Cashback
CUST_0316,49,10706,794,Retired,10828,3554,871,3905,570,Cashback
CUST_0317,76,5931,552,Executive,8889,146,634,3338,307,Cashback
CUST_0318,56,23127,612,Executive,3692,3350,1399,3591,261,Shopping
CUST_0319,45,8042,598,Executive,11488,520,690,3766,451,Cashback
CUST_0320,41,24820,625,Freelance,11575,629,1865,2527,250,Fuel
CUST_0321,77,10406,724,Full-time,11550,3677,1057,2181,323,Cashback
CUST_0322,56,5646,658,Executive,6377,2481,1955,3764,228,Dining
CUST_0323,30,13546,732,Freelance,4418,2191,581,354,595,Fuel
CUST_0324,57,14111,741,Retired,2359,288,2218,2631,296,Dining
CUST_0325,29,14576,614,Executive,7483,1409,1389,1521,236,Fuel
CUST_0326,44,18024,820,Freelance,2307,13,783,2672,216,Travel
CUST_0327,55,6382,649,Executive,2863,256,180,3178,245,Fuel
CUST_0328,69,15613,581,Full-time,4442,3417,18,2337,447,Fuel
CUST_0329,55,15145,677,Full-time,2800,1721,1249,628,318,Dining
CUST_0330,68,7512,592,Retired,2094,3416,1616,2679,431,Dining
CUST_0331,56,18847,627,Executive,4865,1423,2222,4422,403,Fuel
CUST_0332,38,8651,838,Freelance,11744,1230,1245,1438,36,Fuel
CUST_0333,69,5110,819,Retired,8814,857,1638,1421,575,Shopping
CUST_0334,59,11384,711,Executive,10745,2990,53,1126,341,Travel
CUST_0335,52,8394,738,Retired,2403,1195,1426,2683,388,Travel
CUST_0336,44,14967,796,Freelance,2122,463,2396,1780,33,Cashback
CUST_0337,43,17989,765,Retired,6756,269,442,1531,38,Fuel
CUST_0338,52,23423,717,Retired,3241,1244,579,1914,578,Fuel
CUST_0339,57,11373,742,Retired,1898,3223,281,1232,208,Fuel
CUST_0340,32,13789,832,Executive,5873,2670,2407,1956,151,Fuel
CUST_0341,69,13708,562,Freelance,10497,1206,822,392,364,Travel
CUST_0342,75,12328,789,Full-time,10118,3470,1669,825,198,Dining
CUST_0343,33,24671,696,Executive,9288,3922,640,2963,78,Shopping
CUST_0344,43,3637,753,Full-time,11217,71,1031,2395,476,Dining
CUST_0345,45,22329,629,Full-time,4587,3489,2016,4145,433,Dining
CUST_0346,55,21414,592,Executive,2896,3969,562,4895,31,Travel
CUST_0347,61,2786,638,Executive,3008,1306,340,1792,86,Shopping
CUST_0348,50,17210,697,Freelance,6788,2121,471,3064,550,Fuel
CUST_0349,37,12871,644,Freelance,975,2402,1710,1363,392,Travel
CUST_0350,69,17445,700,Retired,7969,1750,2296,2348,243,Travel
CUST_0351,40,8552,551,Full-time,6814,496,234,3551,231,Shopping
CUST_0352,68,5154,571,Freelance,11494,3399,1106,3628,579,Cashback
CUST_0353,45,24986,556,Retired,2467,987,1116,3336,191,Travel
CUST_0354,42,20243,755,Freelance,11537,3606,1908,1565,539,Dining
CUST_0355,33,17100,663,Executive,9667,2627,1417,3667,269,Dining
CUST_0356,79,10136,821,Freelance,2623,909,823,2213,76,Fuel
CUST_0357,39,7941,632,Full-time,5947,3518,1291,4096,166,Travel
CUST_0358,69,22931,728,Freelance,2156,372,631,1019,283,Fuel
CUST_0359,56,23087,759,Full-time,3872,361,528,1284,88,Travel
CUST_0360,32,11167,673,Executive,4059,2140,1980,62,543,Shopping
CUST_0361,61,13649,662,Full-time,6999,1344,2169,2530,155,Travel
CUST_0362,39,3298,561,Freelance,1346,323,2057,3392,249,Cashback
CUST_0363,32,11100,675,Retired,6031,2431,1339,3272,94,Dining
CUST_0364,29,23175,602,Executive,8765,574,1296,2269,16,Shopping
CUST_0365,27,6995,832,Freelance,2883,735,1329,4247,116,Dining
CUST_0366,48,11400,689,Executive,2840,2784,1233,643,332,Fuel
CUST_0367,34,15173,646,Executive,5334,3952,1981,4721,521,Shopping
CUST_0368,51,12630,554,Freelance,2552,2393,1753,216,79,Cashback
CUST_0369,72,24168,606,Freelance,10607,3920,1948,195,431,Dining
CUST_0370,39,16722,618,Retired,2649,3174,2127,3864,202,Travel
CUST_0371,78,2800,667,Executive,3442,3286,901,3273,115,Travel
CUST_0372,67,24753,608,Executive,2400,1215,890,2694,219,Travel
CUST_0373,36,10935,582,Freelance,5202,1695,1570,3212,252,Shopping
CUST_0374,73,20981,599,Full-time,4599,1907,1824,2755,168,Cashback
CUST_0375,25,6116,568,Freelance,1418,718,2065,1521,315,Cashback
CUST_0376,55,17893,763,Executive,1932,780,1188,1080,371,Cashback
CUST_0377,32,12117,746,Freelance,6291,1019,1548,721,582,Dining
CUST_0378,45,7252,596,Retired,6595,3265,201,1562,155,Shopping
CUST_0379,72,11352,716,Full-time,11107,1403,740,639,12,Travel
CUST_0380,79,7795,838,Freelance,11331,1426,1369,4260,507,Dining
CUST_0381,41,22699,690,Retired,11731,663,1389,4310,464,Cashback
CUST_0382,56,18956,633,Executive,8433,1772,2000,3787,219,Travel
CUST_0383,73,4725,731,Freelance,2287,2647,1471,3736,14,Shopping
CUST_0384,43,2816,628,Executive,8648,10,1536,89,116,Fuel
CUST_0385,36,23583,764,Retired,5809,2234,318,2921,330,Cashback
CUST_0386,77,13837,563,Executive,10549,2773,2264,1251,55,Cashback
CUST_0387,59,8307,764,Retired,2913,1038,1057,1102,350,Cashback
CUST_0388,65,24558,677,Retired,1844,2825,1894,4703,131,Cashback
CUST_0389,73,5183,797,Retired,3231,3368,2313,348,225,Travel
CUST_0390,62,8727,578,Freelance,8779,2458,723,3913,307,Shopping
CUST_0391,78,4773,829,Executive,2382,3003,1700,4052,474,Dining
CUST_0392,59,24884,751,Executive,2108,584,412,2941,221,Travel
CUST_0393,34,1645,606,Full-time,5717,1075,1275,245,172,Shopping
CUST_0394,51,6510,767,Full-time,9593,3711,400,271,339,Dining
CUST_0395,78,17535,611,Full-time,2420,3099,1839,2030,505,Cashback
CUST_0396,25,4540,706,Full-time,8303,2624,723,4498,156,Shopping
CUST_0397,55,11154,751,Executive,5566,3088,2329,3187,150,Cashback
CUST_0398,43,18366,566,Retired,6162,1374,1135,3506,177,Shopping
CUST_0399,49,21063,555,Retired,5992,1451,750,1465,532,Fuel
CUST_0400,63,19133,607,Freelance,7422,3721,267,1195,111,Cashback
CUST_0401,31,18514,718,Retired,6893,1854,2345,3087,137,Cashback
CUST_0402,38,16496,631,Executive,7504,3300,1340,3008,232,Cashback
CUST_0403,67,17836,768,Executive,900,1789,569,3823,331,Travel
CUST_0404,32,10353,726,Executive,7457,3036,1973,1614,541,Dining
CUST_0405,29,13195,753,Freelance,6675,3281,545,1126,306,Cashback
CUST_0406,30,4352,620,Full-time,5071,3502,364,4379,160,Cashback
CUST_0407,78,17514,815,Retired,1037,3365,546,516,401,Travel
CUST_0408,64,2487,647,Executive,8026,742,270,2665,589,Travel
CUST_0409,37,9122,840,Executive,8832,1776,738,1301,277,Fuel
CUST_0410,58,10660,757,Full-time,6018,3653,1257,611,319,Shopping
CUST_0411,27,18984,551,Executive,4825,3175,58,749,532,Cashback
CUST_0412,66,8152,673,Retired,11910,203,1274,1856,496,Shopping
CUST_0413,33,8921,829,Freelance,6873,1076,1870,399,362,Travel
CUST_0414,60,22900,623,Executive,3342,973,85,1526,371,Travel
CUST_0415,62,2269,715,Retired,10995,2987,762,2024,35,Fuel
CUST_0416,29,19227,571,Executive,2337,1398,389,319,302,Dining
CUST_0417,70,15614,703,Full-time,1554,1865,1203,335,437,Travel
CUST_0418,47,5858,844,Executive,11250,3125,718,2098,31,Cashback
CUST_0419,78,24664,768,Executive,8196,1299,148,173,185,Fuel
CUST_0420,22,24486,706,Freelance,8623,3406,582,4019,173,Dining
CUST_0421,25,13043,779,Full-time,6307,1054,120,1641,565,Fuel
CUST_0422,49,20233,569,Full-time,5035,1158,2303,500,249,Travel
CUST_0423,57,7199,590,Freelance,1340,3129,765,3646,278,Dining
CUST_0424,58,19125,697,Executive,6310,104,799,2363,1,Shopping
CUST_0425,39,2625,657,Retired,9261,3337,2106,1856,193,Dining
CUST_0426,28,12293,633,Full-time,8726,3593,1021,3152,165,Cashback
CUST_0427,68,8264,839,Full-time,5931,3567,1469,1896,109,Shopping
CUST_0428,65,22985,683,Executive,9497,252,2435,1718,379,Shopping
CUST_0429,21,13823,756,Executive,1929,294,1109,1778,582,Cashback
CUST_0430,42,14531,832,Full-time,11071,2715,1250,4792,284,Shopping
CUST_0431,72,15552,815,Executive,3945,1181,1649,3057,420,Travel
CUST_0432,37,14140,622,Retired,9353,548,1815,4827,112,Dining
CUST_0433,27,9343,597,Full-time,4520,2678,1345,2713,227,Dining
CUST_0434,45,15710,782,Retired,10448,3138,1341,3828,470,Cashback
CUST_0435,65,17956,649,Retired,4867,1777,2446,4747,527,Travel
CUST_0436,24,23356,608,Executive,4995,298,1732,1094,495,Shopping
CUST_0437,56,11606,807,Retired,10673,3534,898,45,30,Dining
CUST_0438,26,6689,614,Executive,10044,1748,2340,1445,161,Dining
CUST_0439,51,3972,632,Freelance,8081,1843,484,2196,377,Dining
CUST_0440,39,18591,703,Executive,3309,100,802,3201,445,Dining
CUST_0441,64,19688,815,Retired,5816,3127,1715,455,426,Fuel
CUST_0442,74,8204,628,Freelance,7333,2379,1915,1662,503,Cashback
CUST_0443,59,5213,699,Executive,5527,2883,1757,2924,526,Shopping
CUST_0444,47,6551,597,Retired,1481,1774,1809,965,531,Shopping
CUST_0445,30,12256,797,Full-time,4732,2440,2291,4964,581,Cashback
CUST_0446,46,3975,827,Full-time,11121,3814,1443,1528,519,Travel
CUST_0447,39,5110,647,Executive,6360,873,1952,2976,33,Cashback
CUST_0448,59,5755,574,Executive,4816,2428,2320,3071,489,Dining
CUST_0449,23,15984,833,Full-time,8139,91,1670,4869,422,Dining
CUST_0450,65,3235,617,Retired,1519,3862,1848,2521,467,Cashback
CUST_0451,33,9758,556,Retired,874,446,519,1126,23,Cashback
CUST_0452,70,9479,686,Retired,10285,108,1151,3404,215,Shopping
CUST_0453,48,3928,713,Executive,10914,316,1396,4492,54,Shopping
CUST_0454,78,13845,632,Freelance,4957,3239,2206,2343,25,Fuel
CUST_0455,40,8926,687,Freelance,9311,1835,651,106,280,Fuel
CUST_0456,48,10033,622,Freelance,2949,1943,2223,2577,326,Dining
CUST_0457,28,6749,786,Freelance,10444,1458,1950,3154,185,Fuel
CUST_0458,61,23175,595,Freelance,10547,441,210,4383,494,Fuel
CUST_0459,59,20701,655,Executive,7513,2265,2494,4053,11,Travel
CUST_0460,21,21758,837,Executive,5007,1245,585,4801,433,Cashback
CUST_0461,23,11186,811,Freelance,7941,2720,166,214,207,Shopping
CUST_0462,33,15609,725,Executive,9452,1551,1256,4439,132,Fuel
CUST_0463,48,22095,715,Executive,9878,277,1205,4289,338,Shopping
CUST_0464,77,2161,694,Freelance,4736,3056,1738,4253,195,Fuel
CUST_0465,69,13575,832,Retired,10107,568,1052,464,261,Fuel
CUST_0466,45,16288,603,Executive,1875,3645,713,2372,281,Dining
CUST_0467,76,11560,727,Retired,4676,1009,687,591,368,Travel
CUST_0468,53,17336,793,Executive,5415,2922,329,2188,102,Cashback
CUST_0469,58,12026,676,Executive,8065,2513,1746,883,182,Cashback
CUST_0470,73,4874,820,Freelance,7179,838,1207,4158,422,Dining
CUST_0471,26,1707,681,Executive,10916,2801,2142,303,8,Dining
CUST_0472,78,4165,642,Full-time,9918,3673,784,4491,556,Cashback
CUST_0473,64,20377,622,Full-time,5452,1607,2400,333,243,Cashback
CUST_0474,65,24697,797,Freelance,7592,2885,940,2833,566,Travel
CUST_0475,52,2132,822,Retired,11273,29,1288,4506,392,Fuel
CUST_0476,65,4583,592,Retired,10047,2406,1679,2331,526,Travel
CUST_0477,67,15211,590,Retired,8256,1942,625,4561,36,Cashback
CUST_0478,41,11623,719,Full-time,5474,3359,138,79,177,Fuel
CUST_0479,36,21603,761,Retired,1341,2133,761,3763,71,Cashback
CUST_0480,74,8623,717,Retired,2961,1257,1833,2831,351,Travel
CUST_0481,41,12254,588,Freelance,3051,2794,2302,1977,148,Travel
CUST_0482,31,3179,794,Retired,10044,2360,1555,732,104,Travel
CUST_0483,57,17401,700,Full-time,5369,364,675,3976,220,Fuel
CUST_0484,56,1736,660,Full-time,3544,1800,91,1817,373,Shopping
CUST_0485,55,8946,596,Full-time,6841,1822,1092,1384,517,Shopping
CUST_0486,39,5943,612,Freelance,5475,1862,36,2124,259,Cashback
CUST_0487,40,24654,774,Freelance,2360,904,1787,1198,298,Fuel
CUST_0488,77,16963,618,Executive,1964,3340,2187,2292,41,Dining
CUST_0489,38,23983,848,Retired,6219,697,1201,4217,491,Shopping
CUST_0490,67,10055,839,Freelance,3522,2178,1836,184,438,Fuel
CUST_0491,61,20252,845,Full-time,11350,2850,1894,4127,46,Fuel
CUST_0492,69,18169,752,Full-time,1270,2836,136,997,84,Shopping
CUST_0493,34,1648,610,Freelance,10408,1855,2237,1986,57,Fuel
CUST_0494,35,14895,710,Freelance,2268,350,1663,2809,208,Fuel
CUST_0495,51,21921,565,Freelance,8725,179,2389,4664,247,Shopping
CUST_0496,21,24433,643,Executive,1608,3873,1582,2357,210,Travel
CUST_0497,73,6395,687,Full-time,9163,1503,971,1679,38,Cashback
CUST_0498,74,23164,587,Executive,7519,3960,661,4925,251,Dining
CUST_0499,74,18896,676,Executive,11391,1186,2290,3039,412,Cashback
CUST_0500,23,12523,824,Retired,5873,1806,1810,4886,445,Travel
CUST_0501,36,12199,713,Full-time,8812,3959,414,2511,51,Travel
CUST_0502,43,11215,626,Full-time,2445,3167,342,3527,373,Fuel
CUST_0503,77,20669,723,Freelance,9049,773,145,3026,525,Cashback
CUST_0504,31,21609,640,Freelance,1929,509,322,2745,155,Travel
CUST_0505,32,17663,787,Retired,2153,364,2169,4173,541,Cashback
CUST_0506,30,22460,813,Executive,1567,3028,1275,2581,89,Travel
CUST_0507,52,7282,728,Freelance,4695,352,1878,4203,350,Dining
CUST_0508,36,24141,758,Freelance,9674,2847,2358,2811,68,Travel
CUST_0509,28,20292,622,Full-time,4254,3507,600,4090,162,Cashback
CUST_0510,58,18224,656,Full-time,11000,1106,474,369,241,Fuel
CUST_0511,32,4317,844,Freelance,8129,1248,1515,3743,494,Cashback
CUST_0512,44,16596,833,Full-time,2590,411,574,2004,382,Shopping
CUST_0513,48,20380,731,Retired,10469,734,346,1703,51,Cashback
CUST_0514,73,23846,586,Freelance,1685,3028,1510,3324,62,Dining
CUST_0515,28,6799,686,Full-time,8534,117,381,440,508,Dining
CUST_0516,78,11417,605,Retired,4706,481,1303,3257,291,Dining
CUST_0517,48,19573,736,Full-time,5292,191,71,2906,90,Travel
CUST_0518,56,4767,807,Full-time,10530,2638,1117,226,423,Dining
CUST_0519,46,5906,607,Full-time,2873,2637,1396,2401,364,Cashback
CUST_0520,28,19326,672,Freelance,1112,2706,2386,4718,149,Fuel
CUST_0521,78,11882,737,Executive,7069,106,1359,1024,270,Dining
CUST_0522,70,5937,779,Full-time,6117,381,663,3491,580,Cashback
CUST_0523,48,6935,717,Retired,1610,782,1515,4256,115,Travel
CUST_0524,48,5607,663,Freelance,11227,2437,1891,870,515,Travel
CUST_0525,57,2060,801,Freelance,7641,243,39,3199,586,Fuel
CUST_0526,61,13829,656,Retired,11849,2632,1382,1745,240,Fuel
CUST_0527,56,23432,586,Full-time,11755,2916,2030,443,29,Cashback
CUST_0528,47,3326,641,Executive,2832,467,1277,4558,142,Fuel
CUST_0529,74,12921,567,Full-time,10499,865,965,472,325,Fuel
CUST_0530,37,13765,612,Retired,11562,2981,1900,79,15,Travel
CUST_0531,29,9129,699,Freelance,10886,1561,2217,239,110,Cashback
CUST_0532,53,9825,688,Executive,7929,1233,700,4652,106,Fuel
CUST_0533,73,21022,735,Freelance,3505,603,510,589,378,Cashback
CUST_0534,40,9193,734,Retired,9588,1660,1283,1360,161,Dining
CUST_0535,33,9764,754,Full-time,2947,3062,583,1884,282,Travel
CUST_0536,48,14186,809,Executive,1415,1096,983,2316,268,Travel
CUST_0537,68,15216,763,Freelance,1747,2015,458,4430,483,Travel
CUST_0538,49,8221,805,Freelance,6477,1658,1905,311,72,Shopping
CUST_0539,33,24886,684,Freelance,5451,3380,2388,1076,196,Cashback
CUST_0540,66,22109,610,Full-time,8666,3767,2104,33,242,Dining
CUST_0541,55,20862,637,Executive,2813,3770,2265,1841,597,Fuel
CUST_0542,26,8873,756,Full-time,4497,1733,815,4481,258,Dining
CUST_0543,38,7407,678,Full-time,1290,1613,246,248,148,Cashback
CUST_0544,71,23981,552,Full-time,5150,859,729,1134,389,Travel
CUST_0545,25,17627,791,Retired,3228,3257,2420,4889,415,Shopping
CUST_0546,67,7156,670,Retired,5787,1879,416,4947,425,Cashback
CUST_0547,45,10484,651,Retired,9533,1276,1054,375,216,Cashback
CUST_0548,22,22143,587,Executive,10279,12,367,723,85,Fuel
CUST_0549,30,9786,682,Full-time,10625,2346,107,1913,215,Dining
CUST_0550,76,7401,751,Full-time,5720,1099,838,4297,422,Dining
CUST_0551,50,6417,570,Retired,3726,1074,417,2492,319,Fuel
CUST_0552,70,9929,791,Full-time,10344,786,1643,1942,117,Shopping
CUST_0553,79,16216,658,Full-time,8082,148,820,4004,414,Travel
CUST_0554,65,17295,633,Freelance,5176,1754,1421,2344,598,Travel
CUST_0555,25,12638,632,Full-time,10290,2169,682,1331,39,Shopping
CUST_0556,75,4030,840,Freelance,5668,3282,255,4588,160,Fuel
CUST_0557,76,19844,618,Full-time,7786,1303,837,337,536,Cashback
CUST_0558,53,24929,678,Executive,7662,2585,2282,1865,419,Dining
CUST_0559,74,18932,745,Retired,5223,3756,552,3137,94,Cashback
CUST_0560,21,7272,689,Freelance,11250,1179,180,791,441,Dining
CUST_0561,38,16976,832,Retired,7670,3309,156,3611,557,Cashback
CUST_0562,52,20413,783,Freelance,8959,2423,1477,3700,465,Fuel
CUST_0563,67,17251,572,Freelance,2873,81,570,1516,287,Fuel
CUST_0564,69,4464,702,Freelance,6970,491,856,3953,411,Shopping
CUST_0565,31,8637,826,Executive,1501,2403,1784,3908,399,Cashback
CUST_0566,41,18847,610,Full-time,10911,2025,1727,2673,527,Cashback
CUST_0567,46,18420,601,Freelance,8913,924,1047,2122,17,Shopping
CUST_0568,45,15391,702,Executive,7625,1296,1496,3785,135,Shopping
CUST_0569,42,8840,786,Freelance,11452,1603,1423,58,463,Fuel
CUST_0570,79,9467,581,Full-time,8667,3115,591,2433,247,Fuel
CUST_0571,47,13915,604,Freelance,5064,3052,2181,2062,0,Cashback
CUST_0572,69,13371,585,Executive,8768,1596,420,1254,380,Fuel
CUST_0573,33,13416,659,Full-time,8946,122,2260,3688,508,Fuel
CUST_0574,53,10234,726,Executive,8576,3420,347,3748,459,Cashback
CUST_0575,54,2345,844,Full-time,9358,707,165,4130,504,Shopping
CUST_0576,61,23661,646,Full-time,9519,2377,936,4257,475,Cashback
CUST_0577,55,20920,762,Retired,5686,3480,347,3029,556,Travel
CUST_0578,21,23831,686,Retired,4735,990,397,2846,31,Cashback
CUST_0579,41,3994,555,Retired,5419,2370,582,4990,117,Travel
CUST_0580,68,14177,658,Full-time,5991,3182,1600,470,183,Cashback
CUST_0581,75,20603,584,Freelance,11145,2817,307,4035,190,Travel
CUST_0582,26,19768,588,Executive,7675,2040,98,2899,73,Travel
CUST_0583,48,13830,699,Executive,10900,3160,1265,1446,102,Cashback
CUST_0584,37,22233,667,Executive,8656,2480,157,4443,585,Fuel
CUST_0585,25,6679,810,Retired,6201,709,553,4789,419,Dining
CUST_0586,51,8110,636,Full-time,3822,793,650,912,472,Fuel
CUST_0587,25,7930,625,Retired,11712,711,2274,4242,113,Travel
CUST_0588,58,8654,763,Freelance,6538,3170,2470,1711,378,Cashback
CUST_0589,23,15328,834,Full-time,6784,2586,2290,674,312,Cashback
CUST_0590,73,11645,788,Executive,2570,2648,1068,1439,329,Cashback
CUST_0591,43,7988,714,Retired,10769,3217,1495,2734,338,Cashback
CUST_0592,57,22621,636,Retired,9789,1717,2418,3630,237,Dining
CUST_0593,73,24409,690,Freelance,4015,256,1878,685,172,Shopping
CUST_0594,57,5350,709,Freelance,7494,1212,733,1126,78,Travel
CUST_0595,30,18573,595,Retired,3776,3311,1950,4216,463,Dining
CUST_0596,30,15064,661,Freelance,4537,870,91,2466,500,Fuel
CUST_0597,39,23059,594,Executive,10703,2946,2219,2397,561,Shopping
CUST_0598,37,6578,796,Freelance,1552,3574,1627,4137,284,Shopping
CUST_0599,41,13668,653,Freelance,11461,1731,1215,3438,222,Cashback
CUST_0600,34,6948,634,Retired,2192,808,1100,4124,592,Dining
CUST_0601,29,19063,683,Retired,7589,2724,1304,965,265,Fuel
CUST_0602,66,10574,657,Full-time,11597,3890,1387,919,372,Cashback
CUST_0603,21,7906,567,Full-time,1477,270,178,4913,232,Cashback
CUST_0604,71,24791,643,Retired,905,1543,2285,2872,235,Travel
CUST_0605,65,10300,699,Freelance,5553,549,279,1508,313,Shopping
CUST_0606,33,15583,795,Freelance,2746,1137,1042,1212,379,Fuel
CUST_0607,24,3138,838,Full-time,6344,3410,1618,871,562,Shopping
CUST_0608,21,23555,758,Full-time,1895,567,370,4390,419,Dining
CUST_0609,69,24812,675,Full-time,7785,3033,1800,3254,51,Travel
CUST_0610,60,11840,784,Executive,2582,358,1703,863,508,Cashback
CUST_0611,52,2882,671,Executive,5341,1673,2268,3953,204,Travel
CUST_0612,54,2903,687,Full-time,4057,1637,303,3108,256,Cashback
CUST_0613,48,10511,664,Freelance,7013,1357,1348,3055,184,Travel
CUST_0614,51,4792,711,Full-time,10989,1712,1460,3994,144,Cashback
CUST_0615,28,10511,750,Executive,5669,3240,2485,2682,13,Shopping
CUST_0616,59,1919,783,Freelance,2361,1362,1193,4690,245,Shopping
CUST_0617,46,13911,577,Executive,4806,797,2422,613,186,Shopping
CUST_0618,78,6017,560,Freelance,10667,1284,2428,1872,336,Shopping
CUST_0619,54,21186,755,Executive,10114,886,2061,3154,258,Travel
CUST_0620,74,16922,716,Freelance,4781,1758,668,4560,39,Cashback
CUST_0621,74,11200,796,Freelance,10293,1222,499,3373,417,Shopping
CUST_0622,23,7193,596,Freelance,6482,2258,1414,3191,350,Travel
CUST_0623,79,2267,795,Freelance,6582,286,1572,567,8,Cashback
CUST_0624,70,19928,676,Retired,1743,1715,529,4133,349,Travel
CUST_0625,32,16318,696,Executive,5350,1785,2006,244,83,Shopping
CUST_0626,21,3049,667,Executive,9937,742,1219,20,532,Dining
CUST_0627,74,11456,701,Retired,1400,3543,754,393,357,Travel
CUST_0628,64,7640,621,Freelance,11692,1505,2347,3814,377,Shopping
CUST_0629,25,12337,686,Freelance,7176,2040,814,2055,171,Fuel
CUST_0630,50,5216,724,Executive,10409,1046,726,3515,24,Cashback
CUST_0631,50,5981,838,Retired,2324,3631,730,2375,392,Shopping
CUST_0632,79,8048,568,Freelance,4566,3180,827,1910,102,Fuel
CUST_0633,77,20177,744,Freelance,1050,295,1331,289,235,Travel
CUST_0634,37,6337,724,Freelance,10536,2053,2046,2558,409,Travel
CUST_0635,68,9258,690,Full-time,878,2597,874,360,548,Fuel
CUST_0636,67,12400,795,Retired,3923,680,2178,1622,331,Fuel
CUST_0637,43,24677,642,Freelance,9889,1891,2003,4314,531,Cashback
CUST_0638,35,9493,788,Full-time,7864,794,1677,4094,28,Travel
CUST_0639,57,23891,754,Retired,9217,202,607,2453,542,Fuel
CUST_0640,41,7042,597,Freelance,2009,324,2073,2015,18,Dining
CUST_0641,34,24240,794,Executive,5953,2872,1477,2040,147,Dining
CUST_0642,22,16328,844,Full-time,5698,3856,634,2044,470,Fuel
CUST_0643,31,17552,677,Full-time,2978,2291,1209,2800,490,Cashback
CUST_0644,71,3885,831,Freelance,11671,326,483,2970,282,Travel
CUST_0645,59,15808,566,Freelance,8410,986,1074,831,112,Dining
CUST_0646,58,22152,620,Full-time,11877,3118,1914,1793,454,Fuel
CUST_0647,54,2171,818,Executive,11798,760,2052,3692,329,Fuel
CUST_0648,58,1663,831,Executive,9695,3662,588,1791,254,Shopping
CUST_0649,70,10156,556,Retired,3344,3693,2255,2841,598,Fuel
CUST_0650,54,12734,652,Freelance,6322,1036,2304,4690,398,Cashback
CUST_0651,38,22476,742,Executive,3170,906,1228,2154,507,Dining
CUST_0652,50,6295,790,Retired,4081,1403,1973,580,465,Shopping
CUST_0653,35,12134,611,Executive,5510,364,2058,2853,406,Dining
CUST_0654,47,6298,566,Freelance,1128,3673,948,2236,97,Dining
CUST_0655,71,23920,720,Retired,6379,3413,2055,4176,289,Cashback
CUST_0656,54,20239,574,Retired,5028,3931,2079,2155,155,Fuel
CUST_0657,72,23771,800,Retired,7594,3863,2007,1344,161,Cashback
CUST_0658,77,12249,802,Executive,920,1244,1741,345,96,Fuel
CUST_0659,58,7327,756,Freelance,7549,2120,386,1886,376,Shopping
CUST_0660,53,6219,578,Retired,1764,3817,1251,554,566,Cashback
CUST_0661,44,2093,666,Full-time,5024,3843,1790,3770,449,Cashback
CUST_0662,35,22723,831,Freelance,4475,1648,1498,4397,116,Travel
CUST_0663,50,8894,693,Full-time,6494,1069,206,199,505,Cashback
CUST_0664,75,15556,574,Full-time,2876,3575,1818,2940,188,Travel
CUST_0665,62,21377,705,Retired,7665,273,1780,3490,475,Fuel
CUST_0666,71,24048,622,Retired,6443,3626,2395,306,322,Fuel
CUST_0667,37,12136,669,Executive,9324,2255,792,3075,595,Fuel
CUST_0668,25,20556,642,Executive,6049,1952,2281,1656,179,Travel
CUST_0669,49,22084,635,Executive,2116,1884,1724,2692,180,Fuel
CUST_0670,24,1516,667,Freelance,1996,3686,1005,1764,286,Dining
CUST_0671,30,4691,782,Executive,3970,123,941,275,474,Cashback
CUST_0672,76,1892,748,Full-time,10421,3081,1165,3361,261,Travel
CUST_0673,37,7772,755,Executive,1155,1352,2223,1401,522,Fuel
CUST_0674,30,18455,696,Retired,10518,3258,1677,4733,161,Dining
CUST_0675,37,5131,820,Executive,828,2590,448,1775,486,Cashback
CUST_0676,40,7672,688,Freelance,1813,1691,591,3381,180,Cashback
CUST_0677,44,10812,730,Freelance,11694,2107,81,4050,468,Fuel
CUST_0678,25,21781,579,Full-time,9819,3832,2182,3460,20,Dining
CUST_0679,54,20163,606,Freelance,2824,2946,1406,1880,274,Travel
CUST_0680,26,10406,781,Executive,9290,2933,1480,3835,259,Fuel
CUST_0681,73,18659,695,Retired,6639,2829,2487,4278,332,Cashback
CUST_0682,22,24753,597,Freelance,10857,441,1079,1844,465,Cashback
CUST_0683,33,20131,743,Full-time,6591,1240,418,3377,115,Cashback
CUST_0684,63,24972,773,Executive,11103,910,87,71,412,Fuel
CUST_0685,63,17962,685,Full-time,1554,1025,214,1676,536,Shopping
CUST_0686,68,9580,571,Freelance,9761,1559,1758,1295,256,Shopping
CUST_0687,31,8599,555,Freelance,4535,1741,1520,1043,167,Shopping
CUST_0688,71,21810,753,Full-time,2038,2879,1717,2625,532,Dining
CUST_0689,67,16416,788,Executive,11205,3055,2292,3042,597,Fuel
CUST_0690,77,8583,734,Freelance,2706,1734,1501,814,14,Cashback
CUST_0691,43,24114,841,Retired,8199,3427,308,2194,49,Dining
CUST_0692,75,10723,769,Freelance,8761,625,230,3500,303,Shopping
CUST_0693,36,6440,665,Executive,10556,3863,154,309,486,Travel
CUST_0694,51,21155,598,Freelance,10210,1690,1198,2061,415,Dining
CUST_0695,31,4956,722,Full-time,5401,3236,114,4227,304,Dining
CUST_0696,74,9288,631,Freelance,10349,997,1413,1877,195,Fuel
CUST_0697,36,4211,594,Freelance,2260,2781,310,2802,387,Dining
CUST_0698,28,12780,569,Executive,8469,90,992,2486,454,Fuel
CUST_0699,24,19552,770,Full-time,2216,2214,2347,4835,309,Travel
CUST_0700,60,18031,672,Executive,11845,3006,1041,3745,126,Cashback
CUST_0701,24,24304,783,Freelance,8566,206,11,794,174,Cashback
CUST_0702,76,13589,770,Retired,2228,3353,1427,4014,133,Shopping
CUST_0703,45,11642,552,Freelance,5178,1088,2279,4353,65,Shopping
CUST_0704,23,18249,731,Executive,8329,1911,2013,3407,392,Travel
CUST_0705,52,17087,755,Retired,5274,515,729,2456,364,Cashback
CUST_0706,23,11366,589,Executive,3871,1180,1301,1851,278,Shopping
CUST_0707,47,6031,608,Executive,1355,3832,1376,974,362,Dining
CUST_0708,49,14186,611,Full-time,9347,1792,2036,1047,170,Fuel
CUST_0709,52,6830,681,Retired,2363,2794,2350,4366,50,Shopping
CUST_0710,70,7010,609,Freelance,1840,2353,540,4237,327,Travel
CUST_0711,78,10464,671,Executive,3486,1901,76,3789,591,Cashback
CUST_0712,71,7993,656,Freelance,3353,2005,23,4997,144,Travel
CUST_0713,39,12259,645,Full-time,2579,394,1038,3021,273,Fuel
CUST_0714,41,6939,784,Full-time,875,1097,675,4369,154,Fuel
CUST_0715,25,15973,611,Retired,5126,186,2394,4029,507,Travel
CUST_0716,38,11265,805,Full-time,6635,1597,171,464,362,Shopping
CUST_0717,48,14779,598,Full-time,5857,3408,1892,287,324,Shopping
CUST_0718,62,8011,708,Freelance,3149,3747,488,3195,297,Cashback
CUST_0719,42,12983,673,Full-time,3573,1591,1485,875,493,Cashback
CUST_0720,41,19130,756,Full-time,3062,2670,2425,1992,545,Dining
CUST_0721,26,21723,597,Executive,4029,729,2419,2925,303,Dining
CUST_0722,21,3876,685,Full-time,11108,239,756,1120,466,Cashback
CUST_0723,25,20893,750,Executive,1192,2580,2429,446,238,Dining
CUST_0724,61,13324,799,Full-time,1908,140,154,2832,516,Travel
CUST_0725,32,19711,844,Full-time,5162,3336,256,3568,175,Shopping
CUST_0726,46,8479,758,Retired,5988,138,1779,2896,409,Dining
CUST_0727,66,11332,760,Retired,9602,2506,673,721,363,Dining
CUST_0728,54,14004,741,Executive,5857,69,2115,2163,22,Travel
CUST_0729,69,22169,593,Full-time,11767,384,2391,2582,317,Fuel
CUST_0730,34,8410,578,Freelance,4798,629,672,1351,524,Cashback
CUST_0731,46,15589,608,Retired,9664,2245,2438,3980,275,Travel
CUST_0732,65,3696,620,Freelance,7366,204,1472,4502,228,Fuel
CUST_0733,47,21631,641,Retired,4477,1749,258,3384,107,Travel
CUST_0734,29,7478,814,Retired,6596,567,306,1725,175,Shopping
CUST_0735,46,23491,769,Full-time,7163,3870,1118,693,319,Travel
CUST_0736,77,18653,764,Retired,8923,981,245,3413,285,Travel
CUST_0737,67,2280,826,Freelance,9022,804,1658,494,328,Shopping
CUST_0738,77,11408,613,Retired,8490,1710,186,947,355,Cashback
CUST_0739,42,7803,841,Executive,2200,2906,1797,22,13,Fuel
CUST_0740,67,16186,794,Full-time,4871,881,924,1128,274,Dining
CUST_0741,76,5483,611,Full-time,9608,2035,784,557,70,Cashback
CUST_0742,50,11003,719,Executive,3586,973,1595,1616,194,Travel
CUST_0743,63,18405,818,Executive,7969,639,2455,3730,522,Dining
CUST_0744,68,14570,816,Executive,1670,1454,1360,1656,105,Shopping
CUST_0745,37,13732,603,Retired,4996,3961,340,4173,195,Cashback
CUST_0746,46,23668,565,Full-time,10404,324,562,806,144,Fuel
CUST_0747,56,6083,557,Executive,3539,441,650,3312,349,Cashback
CUST_0748,21,7446,653,Retired,1740,803,1193,4863,423,Cashback
CUST_0749,28,22825,608,Executive,1140,2335,68,453,470,Dining
CUST_0750,69,24151,589,Freelance,11900,225,1583,2975,215,Shopping
CUST_0751,55,17877,786,Freelance,8222,1087,2428,2324,92,Shopping
CUST_0752,72,8628,643,Full-time,4933,966,2104,1447,259,Cashback
CUST_0753,35,13389,771,Retired,1459,2985,1300,2561,574,Shopping
CUST_0754,67,13775,753,Freelance,11025,559,1122,2511,540,Dining
CUST_0755,76,3961,687,Freelance,10552,713,915,2871,284,Dining
CUST_0756,42,15791,849,Retired,4257,497,2372,362,483,Fuel
CUST_0757,34,15536,756,Executive,10648,2896,460,3454,371,Shopping
CUST_0758,46,12935,630,Retired,3775,2973,2226,2798,69,Fuel
CUST_0759,48,2185,767,Executive,10041,3988,843,4620,378,Travel
CUST_0760,43,20044,551,Freelance,1253,2107,573,3453,278,Dining
CUST_0761,34,24915,727,Freelance,10696,3468,118,3255,301,Cashback
CUST_0762,44,13758,828,Freelance,8984,256,645,1217,254,Dining
CUST_0763,22,23225,695,Full-time,6242,576,1478,1485,263,Travel
CUST_0764,65,17490,773,Full-time,11776,2286,2073,2103,423,Cashback
CUST_0765,46,17922,611,Full-time,1618,3872,1513,2536,212,Shopping
CUST_0766,34,12236,843,Retired,5668,37,2031,1855,99,Shopping
CUST_0767,79,6375,788,Freelance,812,2072,1031,4817,111,Dining
CUST_0768,76,19140,744,Freelance,8527,409,968,1207,307,Cashback
CUST_0769,71,12682,715,Retired,1720,460,2010,1448,474,Cashback
CUST_0770,27,3696,771,Full-time,5720,3642,1539,1507,547,Fuel
CUST_0771,23,8665,610,Retired,3218,3035,2196,1003,111,Travel
CUST_0772,67,17497,678,Full-time,10306,1440,1511,925,86,Shopping
CUST_0773,43,15715,722,Freelance,7275,2404,1048,4951,182,Dining
CUST_0774,66,1801,705,Executive,2817,382,654,83,596,Cashback
CUST_0775,63,24265,659,Full-time,8757,1832,1954,3742,164,Shopping
CUST_0776,67,18530,818,Freelance,10220,3229,554,3927,89,Dining
CUST_0777,65,16071,827,Freelance,5592,568,424,1542,454,Shopping
CUST_0778,38,11451,623,Executive,7630,3504,292,985,237,Dining
CUST_0779,78,22214,756,Freelance,3234,1071,1208,4231,533,Shopping
CUST_0780,58,12273,828,Freelance,3668,3399,430,908,57,Fuel
CUST_0781,55,24887,753,Full-time,11507,432,316,2908,541,Travel
CUST_0782,71,17640,710,Full-time,2238,3502,397,4685,401,Shopping
CUST_0783,35,21421,577,Executive,4343,55,1347,2737,518,Travel
CUST_0784,45,14557,806,Executive,2581,2624,1588,2586,196,Shopping
CUST_0785,75,14000,714,Freelance,7143,2315,595,1143,45,Cashback
CUST_0786,57,22442,612,Full-time,3063,2116,2123,1331,529,Fuel
CUST_0787,48,24463,571,Executive,10961,1751,1943,3348,396,Fuel
CUST_0788,30,17421,619,Executive,1011,2047,915,1553,73,Travel
CUST_0789,59,13370,645,Retired,9499,901,1255,2342,415,Cashback
CUST_0790,77,5582,712,Executive,6959,1624,975,1806,334,Dining
CUST_0791,37,15218,628,Freelance,7827,3520,1075,2100,574,Fuel
CUST_0792,59,22067,554,Full-time,1131,2840,1244,805,295,Cashback
CUST_0793,42,12017,669,Executive,7660,256,1451,4147,83,Cashback
CUST_0794,46,5254,727,Retired,8844,671,1166,2775,14,Travel
CUST_0795,64,3224,725,Full-time,8969,489,2028,71,133,Cashback
CUST_0796,45,2876,766,Executive,9542,2793,362,27,477,Cashback
CUST_0797,37,10206,605,Retired,6520,3714,2429,468,318,Dining
CUST_0798,33,10394,736,Executive,9933,2096,2318,3983,391,Travel
CUST_0799,40,19537,781,Full-time,1527,1682,2345,763,478,Travel
CUST_0800,45,19950,804,Full-time,5775,315,233,1424,367,Cashback
CUST_0801,24,17906,653,Full-time,11854,2460,1731,2248,366,Dining
CUST_0802,30,20344,626,Freelance,4043,433,26,3832,287,Shopping
CUST_0803,23,7426,779,Executive,1448,1025,1494,4915,377,Fuel
CUST_0804,61,7751,807,Freelance,5895,3912,92,4060,462,Travel
CUST_0805,65,10996,813,Full-time,7414,1975,308,4070,593,Dining
CUST_0806,38,4800,731,Retired,11729,3216,51,1675,12,Dining
CUST_0807,67,24163,805,Executive,11739,1979,318,559,535,Cashback
CUST_0808,56,10053,587,Freelance,7935,1389,1992,4474,167,Fuel
CUST_0809,67,5227,725,Executive,1809,419,180,3831,269,Travel
CUST_0810,42,24156,576,Retired,2350,1596,1592,1918,69,Shopping
CUST_0811,54,23879,825,Freelance,9795,3856,646,78,317,Cashback
CUST_0812,67,18398,689,Full-time,8292,1584,1961,4929,375,Travel
CUST_0813,28,18332,848,Freelance,4201,843,1283,3647,88,Travel
CUST_0814,60,7519,836,Executive,8247,1467,2244,1031,256,Dining
CUST_0815,69,16963,640,Executive,6224,2963,2302,2072,216,Fuel
CUST_0816,64,23227,610,Executive,5041,433,2024,4545,449,Shopping
CUST_0817,39,11547,712,Executive,3961,2690,335,1484,543,Fuel
CUST_0818,62,13254,692,Full-time,4955,1578,1576,2245,140,Dining
CUST_0819,61,4020,802,Freelance,8278,2104,1525,1550,160,Shopping
CUST_0820,57,4581,818,Full-time,9519,3633,989,4785,31,Shopping
CUST_0821,26,2928,840,Full-time,10015,963,1278,4682,151,Cashback
CUST_0822,72,5467,736,Full-time,7417,976,513,1829,259,Shopping
CUST_0823,46,7945,840,Executive,6460,3249,2029,3751,278,Travel
CUST_0824,54,16066,635,Executive,9424,3364,241,4722,284,Fuel
CUST_0825,79,15542,715,Executive,1976,45,2196,2031,541,Fuel
CUST_0826,76,12829,663,Freelance,8756,1193,1733,4459,147,Cashback
CUST_0827,79,3659,732,Retired,9392,3342,2259,3856,66,Shopping
CUST_0828,65,6632,756,Executive,11096,416,667,2182,569,Dining
CUST_0829,26,20431,805,Freelance,3033,847,593,4469,278,Travel
CUST_0830,57,20863,784,Executive,11437,2186,2178,2094,442,Cashback
CUST_0831,77,16433,552,Executive,5500,246,255,3903,398,Shopping
CUST_0832,53,11973,757,Full-time,11827,3219,1502,3032,127,Dining
CUST_0833,73,20533,746,Full-time,6706,229,560,1548,336,Shopping
CUST_0834,42,12305,674,Full-time,8660,791,2110,367,481,Cashback
CUST_0835,41,4583,687,Freelance,8326,636,1334,64,185,Dining
CUST_0836,26,18921,574,Retired,6359,3775,406,3299,168,Dining
CUST_0837,26,15444,617,Retired,7532,2421,1860,4849,259,Dining
CUST_0838,75,21373,610,Freelance,3313,3151,2062,2035,557,Dining
CUST_0839,68,9104,578,Executive,8630,3677,1710,2863,506,Shopping
CUST_0840,24,16879,568,Freelance,10765,737,258,1876,520,Dining
CUST_0841,50,20518,720,Executive,7744,1088,722,4851,470,Shopping
CUST_0842,31,5483,623,Freelance,8710,87,1282,2228,160,Dining
CUST_0843,50,3278,610,Freelance,6449,3159,613,596,288,Dining
CUST_0844,51,6610,702,Freelance,1896,712,1694,3606,339,Cashback
CUST_0845,44,23073,825,Retired,9920,1749,1978,2674,501,Shopping
CUST_0846,75,13587,597,Full-time,2751,1227,812,3889,105,Shopping
CUST_0847,29,19008,760,Freelance,10965,1936,1786,3506,474,Fuel
CUST_0848,75,18581,688,Retired,10546,1405,330,1834,599,Cashback
CUST_0849,23,3679,659,Full-time,11770,600,2212,1395,462,Shopping
CUST_0850,71,11096,732,Full-time,9986,1499,1216,1586,482,Cashback
CUST_0851,51,6751,577,Freelance,8599,3644,1544,111,152,Cashback
CUST_0852,60,10735,746,Executive,9604,3854,1397,452,148,Cashback
CUST_0853,57,19813,740,Executive,11585,3677,386,2803,187,Travel
CUST_0854,56,16371,600,Executive,1395,3890,1518,2631,130,Shopping
CUST_0855,44,2513,698,Freelance,8675,2586,1817,2186,451,Cashback
CUST_0856,51,18110,817,Executive,9833,213,1817,4348,515,Travel
CUST_0857,26,3328,599,Retired,5239,2121,1814,2004,490,Travel
CUST_0858,22,9409,795,Retired,6772,2108,2375,1459,475,Dining
CUST_0859,40,7088,662,Retired,1658,697,1515,1942,262,Dining
CUST_0860,48,14609,719,Retired,6319,3614,1240,3493,537,Shopping
CUST_0861,31,3523,715,Full-time,8185,1242,319,1857,458,Dining
CUST_0862,24,22850,563,Retired,9436,2059,398,61,535,Shopping
CUST_0863,35,16037,752,Executive,10780,2861,1914,1494,294,Travel
CUST_0864,26,7391,837,Freelance,5117,3486,104,1180,434,Travel
CUST_0865,74,2580,738,Executive,4254,2079,695,4901,274,Shopping
CUST_0866,69,6536,704,Retired,1830,1183,329,2788,587,Dining
CUST_0867,50,16879,604,Full-time,10287,1000,659,1875,307,Dining
CUST_0868,76,12322,731,Retired,8706,236,820,2208,375,Shopping
CUST_0869,58,4063,759,Freelance,11055,3810,1972,4636,157,Fuel
CUST_0870,71,4792,624,Executive,2247,1204,1793,4721,203,Dining
CUST_0871,77,5086,826,Freelance,11037,3900,2361,105,74,Cashback
CUST_0872,22,17587,682,Freelance,3650,2605,461,1154,379,Dining
CUST_0873,35,17600,608,Freelance,11060,3412,1607,3428,303,Fuel
CUST_0874,31,22315,731,Executive,8906,1481,1675,4087,61,Travel
CUST_0875,28,24725,613,Retired,11267,1103,2457,1708,569,Travel
CUST_0876,46,8143,809,Freelance,7951,646,2074,2823,107,Travel
CUST_0877,71,5459,742,Executive,10800,3843,270,3925,186,Dining
CUST_0878,65,12505,692,Full-time,10303,3034,384,1908,228,Travel
CUST_0879,64,12275,653,Executive,7752,2867,59,2049,47,Fuel
CUST_0880,25,1661,763,Full-time,4855,3830,1130,4464,267,Fuel
CUST_0881,26,17529,791,Executive,6202,472,219,1274,253,Dining
CUST_0882,46,18477,758,Retired,11443,3742,1464,945,86,Cashback
CUST_0883,74,15726,642,Freelance,10081,3786,1906,3904,180,Dining
CUST_0884,24,12654,691,Retired,2472,111,1595,2227,24,Travel
CUST_0885,39,13580,661,Executive,5332,3363,95,3796,387,Dining
CUST_0886,40,4890,608,Freelance,5724,1845,988,292,221,Fuel
CUST_0887,53,7497,592,Full-time,10995,1654,1112,4679,396,Dining
CUST_0888,40,24238,756,Executive,6885,382,1945,2222,510,Dining
CUST_0889,69,14193,817,Freelance,8534,16,2278,3973,560,Cashback
CUST_0890,32,18547,845,Full-time,5664,492,967,2491,439,Fuel
CUST_0891,67,10824,667,Full-time,10116,3402,2322,2475,174,Shopping
CUST_0892,21,2041,569,Retired,2021,2973,245,4860,310,Shopping
CUST_0893,46,23317,771,Executive,3660,3810,2158,3729,273,Fuel
CUST_0894,34,6593,715,Full-time,11265,1896,233,427,34,Shopping
CUST_0895,58,14928,680,Freelance,11982,1509,2464,2972,216,Travel
CUST_0896,57,12666,705,Full-time,11502,3477,1151,106,407,Shopping
CUST_0897,31,18751,733,Full-time,9228,116,1260,3619,518,Travel
CUST_0898,56,17563,639,Retired,10136,1578,802,4754,268,Fuel
CUST_0899,33,11758,643,Retired,4053,879,1417,3333,474,Shopping
CUST_0900,63,17544,562,Freelance,4582,2162,654,3992,324,Shopping
CUST_0901,23,6969,842,Retired,7757,1818,2442,1225,355,Travel
CUST_0902,53,7756,779,Full-time,1566,1572,110,4004,89,Travel
CUST_0903,26,12220,841,Full-time,3481,2861,89,4250,41,Dining
CUST_0904,70,2669,575,Retired,8510,1648,762,3368,364,Cashback
CUST_0905,76,2330,624,Full-time,8282,3618,1303,895,201,Shopping
CUST_0906,30,3151,848,Full-time,5886,643,1356,3905,365,Cashback
CUST_0907,25,19020,699,Freelance,8764,1359,2179,1620,287,Cashback
CUST_0908,43,20694,697,Retired,3465,335,1036,3863,480,Shopping
CUST_0909,30,11018,557,Full-time,10751,2969,1464,2292,500,Travel
CUST_0910,64,14758,578,Retired,11807,3960,97,1385,51,Dining
CUST_0911,22,17684,845,Freelance,4313,3811,1143,3899,102,Fuel
CUST_0912,33,2519,758,Retired,1295,146,292,3592,360,Shopping
CUST_0913,60,23121,677,Full-time,6622,121,1839,2433,423,Shopping
CUST_0914,22,11528,665,Retired,2872,80,1734,2806,204,Fuel
CUST_0915,40,13948,693,Full-time,8595,2732,1024,3383,13,Cashback
CUST_0916,21,13985,784,Full-time,9329,3737,2297,1301,469,Dining
CUST_0917,57,2783,556,Full-time,4749,2709,651,758,465,Cashback
CUST_0918,29,18543,594,Freelance,6833,2422,2196,746,303,Fuel
CUST_0919,37,19894,788,Retired,10809,3641,2091,592,426,Fuel
CUST_0920,29,3233,704,Freelance,9128,2110,1906,2886,109,Dining
CUST_0921,31,20009,730,Retired,3355,503,1721,4111,564,Fuel
CUST_0922,35,20055,764,Freelance,7170,667,1067,1068,514,Fuel
CUST_0923,44,17730,637,Executive,5215,2496,2209,3307,67,Dining
CUST_0924,58,15972,805,Full-time,6759,3499,1816,702,245,Shopping
CUST_0925,75,14389,622,Full-time,9907,2915,252,4708,388,Cashback
CUST_0926,55,4971,728,Freelance,6793,3498,131,104,307,Shopping
CUST_0927,50,10528,761,Executive,5821,1444,1907,1497,351,Shopping
CUST_0928,51,23508,842,Full-time,11092,1345,1910,3833,65,Cashback
CUST_0929,69,9829,783,Retired,3707,3984,1679,395,459,Shopping
CUST_0930,25,3597,788,Freelance,3714,2727,1132,3517,346,Dining
CUST_0931,64,15582,772,Full-time,10974,1189,1058,2653,324,Cashback
CUST_0932,70,22952,668,Full-time,4670,1620,1925,3291,598,Travel
CUST_0933,34,15430,813,Freelance,9990,1980,2322,2010,32,Shopping
CUST_0934,73,11577,756,Freelance,11139,1672,186,3881,67,Fuel
CUST_0935,76,7897,644,Retired,5885,2508,948,4946,186,Cashback
CUST_0936,31,4257,771,Retired,7346,458,2290,1988,191,Travel
CUST_0937,29,21804,825,Full-time,1195,1212,263,4537,212,Fuel
CUST_0938,54,19784,780,Full-time,1738,463,1997,1668,599,Travel
CUST_0939,32,20494,668,Freelance,10628,911,521,4968,427,Shopping
CUST_0940,55,24784,817,Full-time,11716,2426,1564,4762,350,Fuel
CUST_0941,55,19333,822,Full-time,3310,1025,782,1051,107,Shopping
CUST_0942,21,6517,613,Freelance,5436,3689,534,2841,239,Fuel
CUST_0943,60,17870,847,Full-time,2449,2411,209,4723,215,Cashback
CUST_0944,42,9499,560,Full-time,4490,71,2093,3584,176,Dining
CUST_0945,49,23936,647,Executive,4235,1450,1563,347,564,Dining
CUST_0946,28,11695,620,Retired,4001,2685,25,1263,329,Travel
CUST_0947,31,3596,607,Freelance,4979,1193,174,4665,560,Fuel
CUST_0948,61,16933,839,Executive,11283,3276,1539,2742,449,Shopping
CUST_0949,57,24288,800,Retired,9205,1848,1334,2073,446,Cashback
CUST_0950,34,12095,825,Retired,4037,2384,321,3148,536,Cashback
CUST_0951,50,17441,599,Retired,4662,2022,1602,1351,178,Cashback
CUST_0952,55,21215,765,Executive,858,3543,1158,2821,394,Dining
CUST_0953,41,16578,601,Executive,11922,2242,54,3827,144,Shopping
CUST_0954,57,6605,820,Retired,5738,3741,1566,669,197,Cashback
CUST_0955,25,20862,633,Full-time,3771,1011,1609,4813,83,Cashback
CUST_0956,39,4339,842,Full-time,10519,652,1872,2646,84,Travel
CUST_0957,79,4884,675,Executive,9114,1298,2194,266,456,Fuel
CUST_0958,34,12351,845,Executive,10428,6,1508,1438,475,Fuel
CUST_0959,46,11553,621,Executive,10154,904,2067,2693,252,Fuel
CUST_0960,24,14993,845,Retired,4145,3026,332,1022,71,Travel
CUST_0961,45,18569,785,Full-time,3286,2028,1578,2037,222,Dining
CUST_0962,65,15639,605,Executive,1361,2613,906,564,275,Travel
CUST_0963,62,9031,659,Executive,4781,615,910,1059,245,Cashback
CUST_0964,45,5783,741,Freelance,7061,3925,400,1424,340,Shopping
CUST_0965,38,9236,642,Retired,2537,1873,949,4123,572,Cashback
CUST_0966,60,9210,605,Freelance,9896,2620,1329,219,470,Cashback
CUST_0967,28,3119,609,Full-time,4354,2646,2075,405,453,Shopping
CUST_0968,59,15475,687,Freelance,10718,769,1910,1637,6,Fuel
CUST_0969,60,14335,588,Freelance,11915,3249,100,2318,187,Travel
CUST_0970,34,24752,577,Freelance,9926,2289,550,1759,3,Dining
CUST_0971,52,16761,598,Retired,7895,3274,2400,1674,124,Cashback
CUST_0972,71,2931,674,Full-time,9066,1566,1705,791,14,Cashback
CUST_0973,58,10567,562,Freelance,1094,3872,2343,3582,524,Dining
CUST_0974,53,6213,585,Retired,9012,1485,352,1309,239,Travel
CUST_0975,43,11057,650,Full-time,10030,3151,1018,3833,359,Cashback
CUST_0976,35,10935,831,Executive,6130,3594,1179,4929,517,Dining
CUST_0977,53,6498,635,Freelance,5455,1440,1097,4412,319,Cashback
CUST_0978,45,1662,553,Full-time,1909,765,979,1330,230,Fuel
CUST_0979,37,3474,772,Freelance,4571,383,1355,4446,29,Fuel
CUST_0980,53,21175,715,Executive,9363,2438,738,510,533,Cashback
CUST_0981,67,9961,827,Full-time,6923,2943,976,2572,155,Cashback
CUST_0982,75,18515,679,Retired,8447,3870,1371,3929,398,Fuel
CUST_0983,22,18789,580,Full-time,1974,687,2280,491,345,Cashback
CUST_0984,34,3514,560,Retired,1964,1149,1801,1617,194,Travel
CUST_0985,73,11333,645,Full-time,10084,3565,2149,2056,167,Travel
CUST_0986,60,9396,739,Retired,10275,46,952,1520,376,Shopping
CUST_0987,60,1704,741,Executive,11003,3789,480,1583,488,Travel
CUST_0988,71,18465,815,Executive,9837,3547,1237,1575,361,Cashback
CUST_0989,59,23559,677,Executive,10983,1972,107,3946,481,Cashback
CUST_0990,71,10532,787,Full-time,9512,2666,972,1761,243,Dining
CUST_0991,26,6847,661,Executive,5266,463,1626,1991,580,Travel
CUST_0992,26,4143,694,Freelance,6338,3858,703,3179,588,Fuel
CUST_0993,23,9517,614,Executive,7911,1872,2382,3326,170,Fuel
CUST_0994,27,20181,796,Retired,9234,122,2133,1046,512,Shopping
CUST_0995,71,18758,772,Retired,3600,3545,874,2892,405,Dining
CUST_0996,28,7060,655,Retired,5407,2181,1447,2613,573,Fuel
CUST_0997,62,17392,730,Full-time,11888,1642,2411,3892,206,Shopping
CUST_0998,72,16031,733,Freelance,11594,3888,2107,4144,153,Travel
CUST_0999,35,18573,775,Executive,8062,840,1273,461,47,Dining
CUST_1000,67,5500,814,Freelance,11265,1585,559,4431,0,Dining
CUST_1001,49,15789,827,Freelance,2341,2896,116,1381,406,Cashback
CUST_1002,53,18555,638,Retired,3565,2654,873,1145,106,Travel
CUST_1003,72,9427,725,Retired,11106,1803,967,3515,172,Dining
CUST_1004,50,17062,567,Retired,5291,22,1568,4454,505,Shopping
CUST_1005,59,2671,655,Full-time,3883,565,43,192,129,Fuel
CUST_1006,47,23475,820,Freelance,6156,1909,508,3534,397,Travel
CUST_1007,56,13418,716,Freelance,2657,2813,2011,755,293,Travel
CUST_1008,49,10635,562,Full-time,1569,964,1188,1684,551,Dining
CUST_1009,58,7842,581,Full-time,2222,2282,1315,2525,446,Dining
CUST_1010,77,19333,589,Full-time,9398,995,848,827,15,Dining
CUST_1011,53,13429,697,Freelance,3772,3130,1879,889,348,Shopping
CUST_1012,57,4039,767,Freelance,2672,1187,916,4748,202,Cashback
CUST_1013,47,5459,768,Retired,6399,1794,798,2455,133,Dining
CUST_1014,75,14683,631,Retired,11686,825,875,2333,525,Cashback
CUST_1015,53,24169,757,Freelance,3069,215,1760,4946,507,Cashback
CUST_1016,24,6932,750,Retired,6075,3254,2333,110,65,Travel
CUST_1017,42,22144,587,Full-time,5549,3640,818,4715,479,Fuel
CUST_1018,22,20245,760,Executive,7371,656,2168,792,458,Fuel
CUST_1019,30,24048,798,Retired,10173,2982,944,4683,341,Shopping
CUST_1020,25,21554,776,Freelance,5872,1113,906,2643,158,Shopping
CUST_1021,79,3253,597,Retired,10431,1987,12,3414,160,Fuel
CUST_1022,30,19822,567,Retired,6263,310,602,1309,253,Fuel
CUST_1023,53,23860,844,Retired,8250,556,199,296,526,Travel
CUST_1024,74,11623,745,Executive,11889,3019,1791,1629,548,Travel
CUST_1025,58,17876,736,Full-time,11895,2304,447,568,154,Fuel
CUST_1026,33,8088,773,Freelance,9220,2580,1811,4927,485,Dining
CUST_1027,51,7804,778,Executive,4759,1556,840,4705,431,Dining
CUST_1028,67,8845,626,Freelance,10885,51,589,4111,26,Travel
CUST_1029,56,24517,737,Freelance,2113,1361,1153,71,11,Cashback
CUST_1030,65,16852,819,Freelance,8647,1194,2090,4365,66,Fuel
CUST_1031,44,2097,644,Executive,1870,3138,519,4382,541,Shopping
CUST_1032,72,20946,681,Full-time,9966,1648,1036,65,95,Dining
CUST_1033,76,3836,588,Freelance,10730,2347,724,879,214,Cashback
CUST_1034,35,11379,621,Full-time,4085,671,987,67,193,Dining
CUST_1035,49,2072,830,Full-time,9749,777,802,1216,289,Cashback
CUST_1036,28,9021,709,Retired,3895,831,2349,3027,543,Fuel
CUST_1037,25,7671,736,Executive,1120,2279,526,3239,38,Fuel
CUST_1038,49,24981,740,Executive,3121,3022,1665,3480,205,Fuel
CUST_1039,67,19974,669,Retired,1355,1860,1138,507,554,Travel
CUST_1040,24,15492,769,Retired,5739,3139,459,3714,483,Cashback
CUST_1041,32,24450,602,Full-time,6232,1529,931,2884,336,Shopping
CUST_1042,65,13361,771,Freelance,2186,2075,1986,1125,495,Shopping
CUST_1043,22,13964,680,Executive,5563,1972,324,885,248,Fuel
CUST_1044,47,22508,786,Freelance,11419,3699,578,2841,73,Shopping
CUST_1045,51,3133,795,Freelance,7654,1074,1537,3877,372,Dining
CUST_1046,71,19401,775,Retired,10996,1716,2000,4870,137,Cashback
CUST_1047,71,13985,757,Freelance,10922,1283,2381,2525,456,Cashback
CUST_1048,56,12349,645,Full-time,8437,590,2331,925,443,Cashback
CUST_1049,56,5148,749,Retired,5641,2832,474,4215,352,Dining
CUST_1050,46,16677,796,Freelance,11155,2667,1077,1938,410,Travel
CUST_1051,63,14640,621,Retired,4667,1986,1481,3814,537,Dining
CUST_1052,47,19421,734,Full-time,11418,2633,1602,3362,452,Cashback
CUST_1053,25,15857,555,Full-time,4593,3758,1443,4583,418,Cashback
CUST_1054,40,14868,755,Freelance,8173,1001,631,3232,449,Cashback
CUST_1055,31,4637,581,Retired,3313,2231,702,3744,584,Shopping
CUST_1056,30,24869,648,Freelance,4603,1046,2456,3465,114,Travel
CUST_1057,60,1597,805,Freelance,3127,3857,981,440,50,Dining
CUST_1058,58,12907,736,Retired,9609,2176,1327,3611,368,Cashback
CUST_1059,26,14222,625,Freelance,2965,2338,1958,461,514,Fuel
CUST_1060,28,14424,726,Full-time,4108,1855,558,611,209,Travel
CUST_1061,43,5250,836,Retired,7252,500,221,3471,434,Fuel
CUST_1062,67,10035,804,Retired,8867,2233,1556,3163,226,Travel
CUST_1063,46,23297,739,Retired,8442,478,2205,5,267,Cashback
CUST_1064,66,6166,676,Retired,7204,1594,347,4776,115,Travel
CUST_1065,63,17509,836,Freelance,1792,2539,1182,3970,599,Travel
CUST_1066,32,18494,803,Freelance,6224,512,888,2858,359,Cashback
CUST_1067,46,3227,762,Full-time,10369,3714,921,2606,328,Fuel
CUST_1068,33,3354,799,Executive,5181,3138,1258,98,39,Fuel
CUST_1069,60,12300,633,Executive,3974,3876,404,525,181,Shopping
CUST_1070,38,6555,562,Full-time,5582,2514,1280,1180,489,Fuel
CUST_1071,45,11771,594,Executive,10297,2332,676,1689,208,Fuel
CUST_1072,53,20208,676,Full-time,6360,600,588,1138,272,Travel
CUST_1073,67,14319,663,Freelance,8260,1440,1620,4491,118,Shopping
CUST_1074,60,10869,825,Retired,3878,1123,1594,4865,381,Cashback
CUST_1075,63,10783,754,Retired,11678,188,565,3071,535,Cashback
CUST_1076,32,14671,822,Freelance,3783,988,703,2927,257,Dining
CUST_1077,64,7274,607,Retired,8059,2937,857,2792,482,Shopping
CUST_1078,56,8019,768,Retired,6854,1881,1284,4778,508,Travel
CUST_1079,68,12483,658,Executive,3323,387,584,14,91,Dining
CUST_1080,24,19633,828,Freelance,10477,2288,231,2415,160,Dining
CUST_1081,25,16439,723,Executive,11092,1805,2317,2685,148,Cashback
CUST_1082,76,2281,813,Executive,5381,2033,1245,2900,116,Fuel
CUST_1083,57,17782,660,Retired,6409,1754,51,1236,457,Travel
CUST_1084,28,8323,736,Retired,2801,2464,2163,4100,564,Shopping
CUST_1085,62,19989,818,Freelance,2187,3989,537,3220,44,Dining
CUST_1086,69,21751,778,Retired,7352,2223,540,1607,233,Travel
CUST_1087,48,8693,705,Retired,1830,386,1042,3563,374,Cashback
CUST_1088,51,22860,738,Freelance,10757,1494,814,3297,546,Dining
CUST_1089,78,3613,821,Retired,2020,852,1415,2633,196,Dining
CUST_1090,29,17780,551,Executive,11406,3304,1652,3890,24,Cashback
CUST_1091,74,23763,795,Freelance,6835,2710,418,4264,394,Cashback
CUST_1092,71,15065,759,Retired,10610,451,2356,2808,35,Cashback
CUST_1093,49,21854,835,Full-time,10255,2324,863,791,473,Travel
CUST_1094,34,11683,562,Freelance,7323,3300,185,999,222,Travel
CUST_1095,60,19461,645,Freelance,8874,3242,260,151,529,Travel
CUST_1096,61,10703,770,Full-time,9863,1758,1551,3063,187,Fuel
CUST_1097,42,20158,787,Retired,1634,212,1296,4599,401,Dining
CUST_1098,31,22753,643,Retired,11814,3353,2207,2091,256,Travel
CUST_1099,43,17295,818,Freelance,9910,40,761,4599,135,Fuel
CUST_1100,21,24628,720,Freelance,2524,1145,223,4082,590,Dining
CUST_1101,66,20310,643,Retired,7398,3298,1279,4026,443,Travel
CUST_1102,57,14989,698,Retired,3213,2341,179,2977,417,Cashback
CUST_1103,41,7046,661,Executive,10305,599,2067,842,291,Shopping
CUST_1104,46,8352,604,Freelance,6793,3338,1647,4446,573,Travel
CUST_1105,66,4051,665,Freelance,5298,2024,631,3793,128,Shopping
CUST_1106,56,7911,692,Full-time,2905,2588,1536,2070,340,Travel
CUST_1107,74,17891,750,Executive,3368,2030,2105,1659,256,Cashback
CUST_1108,43,20439,729,Retired,10130,1782,1963,597,565,Shopping
CUST_1109,77,1975,751,Executive,1009,1851,614,2513,99,Fuel
CUST_1110,21,23300,602,Retired,10056,2498,561,4135,38,Cashback
CUST_1111,74,11903,729,Retired,5711,3520,2421,4270,262,Shopping
CUST_1112,75,8739,686,Executive,3020,1779,621,3603,149,Shopping
CUST_1113,71,8210,731,Freelance,1033,3132,2135,1216,329,Cashback
CUST_1114,60,22884,550,Retired,1592,3573,1013,2291,119,Cashback
CUST_1115,35,22538,593,Executive,3910,3218,2061,4931,583,Cashback
CUST_1116,41,9578,776,Full-time,2966,3757,2180,3811,218,Dining
CUST_1117,67,23947,647,Executive,9326,2837,1960,4993,122,Fuel
CUST_1118,29,3785,757,Full-time,10351,2381,1057,931,243,Travel
CUST_1119,73,6723,814,Retired,5993,1904,591,2138,586,Shopping
CUST_1120,29,15021,837,Executive,2014,2938,582,4002,517,Travel
CUST_1121,30,16389,820,Executive,5219,3213,1613,2978,20,Cashback
CUST_1122,72,8471,689,Full-time,8114,2091,1101,3892,189,Fuel
CUST_1123,77,21409,786,Executive,9275,143,288,4595,224,Fuel
CUST_1124,73,13031,621,Executive,1012,3936,1568,2918,465,Dining
CUST_1125,46,16221,704,Retired,2458,332,1443,2564,98,Cashback
CUST_1126,61,20706,739,Executive,5824,997,6,1763,362,Shopping
CUST_1127,55,6443,817,Freelance,10409,3568,1183,2170,82,Dining
CUST_1128,72,8030,656,Full-time,11378,1419,239,335,55,Cashback
CUST_1129,45,12616,781,Executive,6717,54,1986,1176,21,Dining
CUST_1130,46,1758,591,Full-time,5941,1330,1446,3021,579,Travel
CUST_1131,31,1782,739,Full-time,2594,2917,1749,778,184,Cashback
CUST_1132,58,15437,688,Full-time,6788,1446,2117,1185,521,Shopping
CUST_1133,22,3398,652,Executive,9096,1440,1903,3285,577,Shopping
CUST_1134,27,5635,720,Executive,6378,3744,2263,3447,263,Cashback
CUST_1135,38,8129,822,Full-time,6351,2844,1077,3991,224,Dining
CUST_1136,47,12668,770,Freelance,4645,2372,2377,2470,37,Fuel
CUST_1137,54,21084,762,Full-time,7706,1733,847,938,122,Cashback
CUST_1138,47,22994,605,Freelance,1178,1694,1311,4899,155,Shopping
CUST_1139,37,2112,651,Full-time,4093,79,2092,4006,300,Travel
CUST_1140,63,15703,741,Retired,4129,3102,2245,1935,66,Shopping
CUST_1141,79,18571,749,Full-time,5608,984,1239,633,393,Fuel
CUST_1142,64,21574,782,Full-time,8737,3183,1504,1253,593,Shopping
CUST_1143,79,3807,776,Executive,1024,2605,1332,1082,569,Fuel
CUST_1144,71,8633,688,Freelance,1537,864,2379,2143,404,Cashback
CUST_1145,74,12705,698,Retired,1035,2764,695,1285,448,Shopping
CUST_1146,44,24393,664,Freelance,1511,1587,26,353,130,Dining
CUST_1147,45,7406,612,Retired,6788,3721,2365,1885,68,Dining
CUST_1148,27,4091,653,Full-time,2688,471,2412,1818,344,Shopping
CUST_1149,72,16649,705,Executive,7973,2121,959,2520,319,Shopping
CUST_1150,26,13650,822,Executive,2059,1576,1526,4008,176,Travel
CUST_1151,73,8683,555,Freelance,6046,1502,1868,3022,583,Shopping
CUST_1152,44,23132,696,Executive,8071,588,372,2584,528,Travel
CUST_1153,53,11602,733,Freelance,1548,1410,1949,1547,159,Travel
CUST_1154,69,22992,577,Freelance,4351,3770,244,4018,581,Travel
CUST_1155,49,21488,587,Retired,7200,1905,1840,4204,532,Travel
CUST_1156,63,18553,668,Freelance,7443,563,1676,1368,134,Cashback
CUST_1157,42,22248,842,Retired,9501,3504,124,3337,110,Dining
CUST_1158,46,2783,793,Executive,2623,3483,536,1757,282,Travel
CUST_1159,48,2423,617,Freelance,7652,466,1919,1517,519,Dining
CUST_1160,70,2625,763,Freelance,11933,598,1635,4917,193,Travel
CUST_1161,41,3029,767,Full-time,8577,1644,1425,3484,46,Dining
CUST_1162,69,9938,726,Freelance,5032,991,1540,3685,341,Shopping
CUST_1163,27,21595,848,Freelance,7319,1932,530,3052,241,Shopping
CUST_1164,37,17654,713,Full-time,11126,2784,253,2696,521,Dining
CUST_1165,40,9504,607,Full-time,2577,3041,2168,190,369,Travel
CUST_1166,61,11252,818,Executive,2022,2295,660,932,130,Cashback
CUST_1167,69,24158,607,Freelance,8430,1604,1801,4237,269,Dining
CUST_1168,40,12092,837,Executive,2577,3191,1060,3238,60,Fuel
CUST_1169,74,5364,654,Executive,10296,66,1365,2215,163,Cashback
CUST_1170,42,24672,777,Full-time,8290,2620,1036,565,524,Fuel
CUST_1171,48,1726,796,Retired,5659,3398,1206,1134,271,Dining
CUST_1172,60,16536,737,Executive,9693,3991,2135,743,132,Travel
CUST_1173,69,13239,632,Retired,8918,2750,2093,672,243,Fuel
CUST_1174,27,18148,735,Freelance,3789,469,1142,2911,433,Dining
CUST_1175,21,11087,801,Full-time,9143,2540,1554,530,37,Cashback
CUST_1176,52,13249,787,Freelance,2125,1724,1755,3021,567,Travel
CUST_1177,33,2145,733,Freelance,10293,2710,1965,561,318,Fuel
CUST_1178,50,17799,833,Full-time,10703,2333,744,301,509,Dining
CUST_1179,43,23453,759,Freelance,5927,3985,1629,3767,375,Travel
CUST_1180,71,20874,845,Full-time,9798,1631,966,4280,559,Travel
CUST_1181,79,15175,646,Retired,3522,2359,762,509,473,Shopping
CUST_1182,76,20388,757,Freelance,5456,2356,793,3445,58,Travel
CUST_1183,39,12464,686,Full-time,2125,774,743,2203,588,Dining
CUST_1184,52,17587,733,Executive,4933,3168,1069,2834,498,Cashback
CUST_1185,50,15037,625,Freelance,10151,3012,1531,794,217,Shopping
CUST_1186,49,14769,836,Retired,3669,1136,557,2479,566,Dining
CUST_1187,69,10846,691,Full-time,2042,2011,1994,1523,566,Dining
CUST_1188,65,2087,786,Freelance,9339,3708,525,4856,128,Dining
CUST_1189,49,14263,574,Freelance,2631,2503,839,2194,382,Fuel
CUST_1190,50,10677,839,Freelance,2369,1486,2,2528,387,Fuel
CUST_1191,36,5579,616,Retired,8046,131,1051,434,84,Cashback
CUST_1192,60,4848,799,Full-time,2718,929,1404,2038,509,Dining
CUST_1193,39,24183,667,Executive,7216,3012,156,1706,436,Fuel
CUST_1194,38,21715,622,Executive,4032,928,1937,68,292,Fuel
CUST_1195,21,19599,831,Executive,4558,2168,1954,1904,48,Fuel
CUST_1196,34,12285,559,Full-time,6797,1220,510,3959,66,Cashback
CUST_1197,71,13828,760,Executive,3155,3877,686,2951,128,Cashback
CUST_1198,67,7950,701,Retired,10389,1505,1137,4649,28,Dining
CUST_1199,70,14730,554,Full-time,11772,633,1412,2713,342,Shopping
CUST_1200,22,6933,744,Freelance,2624,3865,1510,3369,544,Dining
CUST_1201,74,2598,832,Retired,11483,2944,570,4595,118,Fuel
CUST_1202,48,8596,662,Freelance,8080,2819,714,3727,132,Fuel
CUST_1203,69,20210,820,Executive,4860,1062,1338,2404,326,Travel
CUST_1204,70,12939,712,Retired,6124,2613,2286,3325,184,Dining
CUST_1205,50,10587,654,Full-time,1204,2559,2350,3546,505,Fuel
CUST_1206,58,17521,730,Retired,2521,3545,990,2303,533,Fuel
CUST_1207,71,7916,593,Freelance,6116,1184,333,3681,240,Shopping
CUST_1208,24,8480,831,Full-time,11817,288,2160,3221,588,Travel
CUST_1209,21,24647,724,Retired,4645,2247,1644,4374,515,Dining
CUST_1210,28,19558,711,Retired,5010,1811,361,1082,164,Cashback
CUST_1211,49,12601,689,Retired,864,527,1880,445,556,Dining
CUST_1212,75,9450,681,Retired,10291,916,2144,4931,217,Dining
CUST_1213,59,10622,636,Full-time,7182,1708,1981,4850,4,Shopping
CUST_1214,23,14076,725,Freelance,10407,3574,2063,1592,80,Dining
CUST_1215,52,23933,732,Retired,1768,3319,1977,2775,246,Shopping
CUST_1216,30,2589,678,Full-time,1168,1406,375,3816,492,Shopping
CUST_1217,30,6078,795,Freelance,9224,1241,741,3053,385,Fuel
CUST_1218,39,10627,638,Retired,3042,1110,389,1590,574,Cashback
CUST_1219,66,11987,615,Freelance,5802,3153,1240,2231,306,Shopping
CUST_1220,54,1655,707,Freelance,3883,3133,823,1561,542,Travel
CUST_1221,53,3458,698,Full-time,8873,798,2367,4272,6,Travel
CUST_1222,43,12193,665,Freelance,9912,1523,2243,3646,514,Cashback
CUST_1223,75,7844,763,Full-time,9680,3113,417,4942,567,Shopping
CUST_1224,48,7279,843,Retired,2269,11,606,3238,72,Cashback
CUST_1225,52,24028,802,Freelance,5525,832,567,1600,9,Fuel
CUST_1226,70,22947,692,Freelance,5059,3817,543,2056,572,Travel
CUST_1227,27,5330,799,Executive,4422,2888,2278,4331,561,Dining
CUST_1228,49,10546,574,Retired,11092,2690,883,709,121,Travel
CUST_1229,28,11294,826,Retired,11257,3186,702,2971,512,Shopping
CUST_1230,21,24543,619,Executive,1623,1241,1223,2732,440,Cashback
CUST_1231,77,1941,662,Executive,4231,1672,1622,793,37,Travel
CUST_1232,75,23924,661,Full-time,7328,2153,2068,3099,590,Dining
CUST_1233,23,23809,640,Full-time,4951,690,1786,2855,344,Dining
CUST_1234,44,15978,567,Freelance,5013,527,1619,26,337,Cashback
CUST_1235,43,6128,698,Freelance,8220,1495,1457,3267,183,Cashback
CUST_1236,79,7870,776,Freelance,9789,3825,2418,84,66,Travel
CUST_1237,28,11028,763,Freelance,1579,2893,1583,3101,16,Shopping
CUST_1238,74,18832,700,Full-time,11842,892,1914,1122,382,Fuel
CUST_1239,77,13065,741,Retired,3692,386,77,11,367,Dining
CUST_1240,67,9679,589,Freelance,6334,1249,1308,1748,315,Cashback
CUST_1241,57,17513,791,Retired,10885,2528,647,3109,496,Fuel
CUST_1242,23,23999,687,Freelance,4106,1777,2187,1876,344,Fuel
CUST_1243,71,18343,729,Executive,3702,407,552,2619,552,Fuel
CUST_1244,53,22530,749,Freelance,4518,3528,997,179,472,Shopping
CUST_1245,48,1892,752,Freelance,821,1676,281,796,114,Cashback
CUST_1246,67,13630,610,Freelance,2300,897,1281,3813,99,Dining
CUST_1247,28,19671,741,Full-time,9834,710,1846,2024,437,Cashback
CUST_1248,54,11949,554,Executive,10752,3695,1383,3217,344,Travel
CUST_1249,55,19022,786,Freelance,4441,2686,2487,886,348,Dining
CUST_1250,52,22625,730,Freelance,6012,3092,2317,2468,138,Cashback
CUST_1251,44,8918,586,Retired,991,1682,1157,3387,323,Dining
CUST_1252,34,24246,605,Executive,9387,3672,103,1519,301,Travel
CUST_1253,52,3954,786,Freelance,7974,2862,765,2432,293,Dining
CUST_1254,76,21558,746,Retired,5914,917,2142,4866,528,Fuel
CUST_1255,66,19261,622,Retired,5462,2250,1596,916,291,Shopping
CUST_1256,63,16723,608,Full-time,5126,416,479,2070,73,Travel
CUST_1257,36,8201,789,Retired,9865,415,2060,3976,483,Dining
CUST_1258,24,4097,551,Freelance,11613,1471,1963,1781,15,Travel
CUST_1259,72,1641,737,Full-time,5135,1535,2142,338,525,Fuel
CUST_1260,57,4159,579,Full-time,9081,84,2340,1516,335,Shopping
CUST_1261,74,22480,816,Freelance,11271,166,2072,2870,515,Travel
CUST_1262,41,10531,657,Executive,9448,2431,1295,3582,126,Fuel
CUST_1263,34,16537,639,Retired,11272,2515,1528,914,517,Fuel
CUST_1264,51,15470,754,Full-time,9996,1095,1189,3290,128,Fuel
CUST_1265,75,7161,769,Executive,6294,809,938,4570,510,Dining
CUST_1266,68,7642,643,Freelance,9336,3044,761,1446,422,Cashback
CUST_1267,38,13609,652,Retired,3511,1544,653,1379,384,Travel
CUST_1268,27,23510,772,Retired,8395,1816,1669,1483,231,Cashback
CUST_1269,30,10287,735,Full-time,7073,2520,1931,2074,194,Fuel
CUST_1270,27,11596,733,Retired,7084,992,1126,800,64,Cashback
CUST_1271,53,9972,711,Retired,11454,1281,1925,1246,276,Fuel
CUST_1272,43,18307,796,Retired,10108,274,574,4959,223,Fuel
CUST_1273,41,24883,580,Retired,9617,1773,2341,2737,277,Shopping
CUST_1274,39,5749,601,Freelance,10971,3091,1329,3495,365,Shopping
CUST_1275,68,16449,625,Executive,4794,3561,1277,4834,515,Cashback
CUST_1276,39,3250,827,Freelance,2478,3816,1203,3257,214,Travel
CUST_1277,56,22641,589,Freelance,9214,2537,39,3877,438,Cashback
CUST_1278,49,19851,650,Full-time,1543,1756,519,981,427,Travel
CUST_1279,38,5588,660,Retired,1262,2373,1639,2476,395,Cashback
CUST_1280,22,22062,798,Freelance,2368,2576,2283,2088,208,Dining
CUST_1281,21,16782,740,Retired,2536,891,462,2952,500,Dining
CUST_1282,67,20830,731,Freelance,8703,88,1251,1011,462,Travel
CUST_1283,25,11141,758,Freelance,7802,2533,1848,3464,585,Shopping
CUST_1284,40,23278,571,Full-time,9656,707,482,2750,226,Travel
CUST_1285,31,6575,715,Executive,2156,2397,2477,2126,374,Cashback
CUST_1286,62,11912,648,Executive,1814,3155,342,4812,499,Fuel
CUST_1287,22,17186,757,Freelance,11124,386,1196,3861,92,Dining
CUST_1288,23,8730,557,Full-time,11660,2134,1462,2591,459,Fuel
CUST_1289,43,16932,739,Retired,1854,2354,1202,1473,576,Dining
CUST_1290,75,12502,724,Retired,2564,1873,1621,2521,320,Cashback
CUST_1291,32,15447,822,Freelance,6809,1177,2180,1165,9,Dining
CUST_1292,40,15186,566,Executive,5258,439,2398,3322,302,Travel
CUST_1293,25,19415,639,Full-time,11861,2787,2131,609,321,Fuel
CUST_1294,57,14574,690,Executive,10404,2311,992,2183,455,Fuel
CUST_1295,58,20874,694,Retired,1467,976,2390,2531,277,Cashback
CUST_1296,50,5993,715,Executive,4170,734,1189,2861,597,Fuel
CUST_1297,29,18817,627,Retired,6776,2468,2340,4650,537,Cashback
CUST_1298,54,2960,811,Full-time,2194,2540,1603,1655,392,Shopping
CUST_1299,73,15640,712,Full-time,9090,632,1193,1755,94,Travel
CUST_1300,64,20607,563,Freelance,4870,992,597,45,106,Dining
CUST_1301,55,12204,788,Freelance,7782,2458,644,1259,389,Dining
CUST_1302,72,18169,621,Executive,9413,172,447,4638,525,Dining
CUST_1303,78,18148,692,Full-time,6399,3,763,3232,70,Shopping
CUST_1304,42,8316,832,Full-time,4450,2901,734,1451,586,Travel
CUST_1305,64,13139,818,Freelance,10124,1663,1642,2118,375,Fuel
CUST_1306,44,15924,790,Retired,10694,3033,2297,2567,367,Fuel
CUST_1307,37,15465,794,Executive,4420,2015,600,1992,50,Travel
CUST_1308,30,19646,712,Executive,3990,1495,2172,3123,142,Travel
CUST_1309,50,12740,609,Freelance,9589,3181,2160,2340,418,Dining
CUST_1310,76,1540,555,Full-time,1191,3938,980,4907,547,Fuel
CUST_1311,79,7327,746,Freelance,1875,1060,1782,1488,499,Travel
CUST_1312,66,9759,607,Freelance,3450,2630,2197,1573,166,Fuel
CUST_1313,43,18871,766,Freelance,3184,3872,2390,4962,259,Travel
CUST_1314,52,16349,575,Freelance,1609,1054,579,2427,191,Cashback
CUST_1315,37,17732,554,Retired,8847,380,782,1766,201,Dining
CUST_1316,70,9304,569,Retired,6301,1291,2368,3549,184,Travel
CUST_1317,71,23601,747,Full-time,7695,3082,531,2309,157,Shopping
CUST_1318,37,21082,608,Freelance,1959,2391,1512,4675,98,Travel
CUST_1319,34,6874,791,Retired,8374,3911,611,2404,240,Cashback
CUST_1320,29,22674,695,Full-time,2331,3615,2299,1442,490,Shopping
CUST_1321,60,4024,822,Freelance,6281,1592,2005,4793,201,Shopping
CUST_1322,22,10777,798,Executive,8348,165,1100,1976,508,Travel
CUST_1323,65,20363,563,Retired,5776,2747,1670,3973,95,Cashback
CUST_1324,45,11385,562,Full-time,6495,2389,1415,2490,489,Shopping
CUST_1325,59,23038,593,Executive,11674,3553,1435,725,578,Dining
CUST_1326,29,2278,568,Freelance,9245,1042,2220,3803,217,Dining
CUST_1327,74,2992,612,Freelance,4348,1651,874,4381,526,Fuel
CUST_1328,42,18544,788,Freelance,6963,3027,2248,3827,272,Fuel
CUST_1329,63,19232,649,Retired,7471,1207,216,4665,218,Cashback
CUST_1330,66,15115,712,Full-time,6064,3853,375,3619,331,Shopping
CUST_1331,24,13632,671,Executive,2031,544,1609,2887,452,Dining
CUST_1332,46,11678,593,Full-time,3223,3081,10,497,151,Dining
CUST_1333,78,9351,694,Retired,8871,3663,1613,3976,346,Cashback
CUST_1334,49,17788,599,Full-time,5061,2239,2482,704,413,Shopping
CUST_1335,65,8656,614,Retired,10565,2367,817,4657,526,Cashback
CUST_1336,54,3544,837,Freelance,3708,3773,1296,4127,430,Travel
CUST_1337,43,8868,713,Executive,5512,2627,690,3681,378,Dining
CUST_1338,57,21400,690,Freelance,7555,2522,1599,4138,427,Cashback
CUST_1339,31,15135,677,Full-time,10617,3931,1532,1916,83,Cashback
CUST_1340,26,10668,788,Freelance,4683,2684,1155,1374,191,Travel
CUST_1341,38,22461,845,Executive,4315,2474,1947,1845,40,Fuel
CUST_1342,41,18611,736,Freelance,4203,3919,783,4654,308,Dining
CUST_1343,62,12828,757,Executive,5398,3130,2366,1436,377,Cashback
CUST_1344,56,14819,769,Executive,5808,3507,1972,3090,135,Dining
CUST_1345,61,1842,739,Freelance,7022,96,1876,1370,105,Fuel
CUST_1346,58,2947,833,Retired,10950,2543,784,1928,518,Cashback
CUST_1347,54,8081,786,Full-time,4809,3858,396,1636,541,Travel
CUST_1348,37,13351,743,Retired,3535,2708,1081,91,125,Dining
CUST_1349,57,7817,836,Retired,5291,1301,1503,1843,356,Travel
CUST_1350,45,18410,808,Freelance,9393,3336,2033,184,399,Fuel
CUST_1351,58,11588,795,Full-time,1774,2056,1614,4823,78,Fuel
CUST_1352,78,14446,685,Full-time,1023,456,459,1571,388,Dining
CUST_1353,32,24632,829,Retired,5413,1818,2108,831,578,Fuel
CUST_1354,43,18289,820,Freelance,7577,272,2416,4440,534,Shopping
CUST_1355,73,16067,720,Full-time,9227,2987,545,2125,73,Dining
CUST_1356,62,16368,708,Retired,5011,3884,496,4262,4,Shopping
CUST_1357,42,11265,750,Full-time,1025,1031,504,263,462,Fuel
CUST_1358,41,21624,594,Freelance,11269,207,1092,1286,81,Dining
CUST_1359,47,13966,813,Freelance,8983,1937,2208,1529,536,Shopping
CUST_1360,77,19730,620,Freelance,5077,1660,1637,1808,404,Fuel
CUST_1361,51,19362,652,Full-time,2141,1146,717,1877,513,Cashback
CUST_1362,26,12087,674,Executive,4836,1056,1592,1749,277,Cashback
CUST_1363,47,2271,835,Full-time,9201,1536,1408,1909,223,Travel
CUST_1364,60,23409,779,Executive,4527,203,268,2623,583,Cashback
CUST_1365,54,17800,695,Freelance,4728,2565,1946,1197,67,Shopping
CUST_1366,32,10270,746,Retired,3603,1832,1477,2478,319,Cashback
CUST_1367,65,12593,770,Executive,10101,2564,1541,4863,18,Dining
CUST_1368,77,15303,609,Freelance,7358,442,864,2510,342,Dining
CUST_1369,73,1693,647,Freelance,11018,3663,2397,100,593,Dining
CUST_1370,27,3507,720,Executive,1193,3857,109,3087,342,Cashback
CUST_1371,30,19069,722,Retired,7639,688,2454,1919,96,Cashback
CUST_1372,65,20278,700,Freelance,9835,2897,649,2291,51,Travel
CUST_1373,37,12690,671,Executive,10516,832,2098,3320,174,Fuel
CUST_1374,46,11484,657,Retired,9595,2386,1499,104,337,Travel
CUST_1375,41,10802,553,Retired,1381,1461,1110,693,352,Shopping
CUST_1376,48,21889,642,Freelance,10931,3516,595,3240,390,Dining
CUST_1377,78,8929,555,Full-time,932,1159,978,3491,114,Cashback
CUST_1378,66,3761,837,Full-time,3638,386,730,3392,347,Fuel
CUST_1379,22,21620,655,Freelance,4185,2041,56,4913,0,Fuel
CUST_1380,74,8216,695,Retired,4570,3096,2243,2268,62,Cashback
CUST_1381,63,22759,820,Freelance,3068,2553,1783,3783,225,Travel
CUST_1382,21,10421,645,Executive,1775,1348,1701,3512,422,Fuel
CUST_1383,71,5878,778,Full-time,8405,1718,1286,889,18,Travel
CUST_1384,73,9315,751,Executive,8013,679,111,789,30,Cashback
CUST_1385,56,15278,761,Freelance,10805,3409,710,4648,23,Travel
CUST_1386,71,21335,555,Freelance,10535,689,1201,4939,210,Dining
CUST_1387,46,14228,661,Retired,3635,2932,947,658,160,Cashback
CUST_1388,49,11832,655,Retired,3538,3166,25,1018,254,Cashback
CUST_1389,41,11336,688,Retired,10349,1568,2457,1953,570,Fuel
CUST_1390,31,4300,848,Executive,4934,2670,757,1190,113,Fuel
CUST_1391,60,9833,645,Retired,10308,1169,1800,3706,503,Fuel
CUST_1392,31,6910,846,Freelance,7633,892,1555,3657,219,Dining
CUST_1393,56,19339,763,Retired,9153,952,1841,4846,356,Dining
CUST_1394,69,24776,840,Full-time,2709,1254,2293,2296,168,Shopping
CUST_1395,79,7308,571,Retired,10119,783,1104,774,523,Cashback
CUST_1396,59,8296,742,Executive,10650,2046,661,2811,241,Fuel
CUST_1397,60,22680,699,Full-time,2763,1871,908,1380,374,Cashback
CUST_1398,55,22977,796,Full-time,5953,494,2443,3182,138,Travel
CUST_1399,74,11788,816,Full-time,11281,3109,521,4787,96,Dining
CUST_1400,54,19209,800,Executive,1766,3496,1856,4814,146,Shopping
CUST_1401,75,22860,552,Freelance,1689,3718,1759,4329,181,Travel
CUST_1402,67,19043,625,Retired,3861,3917,2311,3097,56,Cashback
CUST_1403,44,6150,636,Full-time,7261,746,789,1404,41,Dining
CUST_1404,74,6487,819,Full-time,6966,2484,1297,3801,542,Fuel
CUST_1405,42,16700,774,Full-time,7767,1854,1729,1369,1,Travel
CUST_1406,25,6197,567,Freelance,11740,3439,171,2064,287,Dining
CUST_1407,76,18224,662,Freelance,10658,2392,264,2292,137,Cashback
CUST_1408,53,5328,800,Executive,8901,3231,1986,2765,511,Cashback
CUST_1409,78,19852,782,Freelance,8179,2597,1049,2817,221,Travel
CUST_1410,56,18587,828,Retired,10433,3733,1492,716,330,Travel
CUST_1411,67,14105,751,Executive,8080,3983,1885,4040,403,Travel
CUST_1412,40,6982,632,Executive,1867,2867,475,1711,507,Shopping
CUST_1413,39,24260,674,Retired,5023,2588,2403,1225,126,Fuel
CUST_1414,55,19684,724,Retired,11915,2191,1049,8,264,Dining
CUST_1415,72,6963,618,Retired,9818,2635,33,597,14,Cashback
CUST_1416,63,15360,596,Executive,5407,656,2311,4118,225,Cashback
CUST_1417,37,6412,805,Executive,4785,3812,1161,1608,104,Fuel
CUST_1418,79,6148,764,Executive,11084,3647,815,3031,492,Travel
CUST_1419,65,2355,579,Retired,3979,1882,753,3667,318,Travel
CUST_1420,63,4366,830,Retired,5338,2392,565,2246,218,Cashback
CUST_1421,54,13334,786,Full-time,3162,3340,461,3626,276,Fuel
CUST_1422,29,17794,797,Freelance,3024,3911,1654,4071,340,Cashback
CUST_1423,46,18066,574,Full-time,7171,2743,80,2822,451,Travel
CUST_1424,22,4612,623,Retired,2526,1796,1937,91,368,Dining
CUST_1425,73,23554,755,Executive,10998,267,869,850,473,Travel
CUST_1426,29,5992,643,Retired,6591,2216,1430,1107,189,Dining
CUST_1427,29,23707,676,Freelance,8873,3842,1069,299,418,Shopping
CUST_1428,60,16614,574,Full-time,9258,1762,598,2343,494,Fuel
CUST_1429,37,3017,665,Full-time,7813,2080,1634,1477,38,Shopping
CUST_1430,21,17518,597,Executive,1637,376,806,1082,161,Travel
CUST_1431,45,22886,775,Full-time,5384,3285,1934,2956,120,Fuel
CUST_1432,63,19240,815,Full-time,1486,1585,1076,2918,398,Travel
CUST_1433,60,21513,648,Retired,1156,1463,703,1365,261,Fuel
CUST_1434,62,21512,560,Full-time,9863,3563,2063,2800,560,Fuel
CUST_1435,45,12931,634,Full-time,10965,2440,486,3536,128,Travel
CUST_1436,59,9710,763,Full-time,5447,488,705,3951,539,Travel
CUST_1437,55,13095,722,Executive,10802,721,1525,2109,355,Fuel
CUST_1438,23,14371,758,Executive,5218,945,1164,775,431,Fuel
CUST_1439,70,14243,613,Retired,11633,3100,619,1452,64,Travel
CUST_1440,57,24016,807,Full-time,11220,2086,776,1681,217,Travel
CUST_1441,64,10824,670,Executive,7442,3930,446,2303,562,Cashback
CUST_1442,64,13031,847,Executive,4191,1635,2337,1851,426,Cashback
CUST_1443,71,8088,603,Retired,11342,3244,208,1897,73,Cashback
CUST_1444,50,4811,821,Freelance,5157,1040,1498,3418,459,Shopping
CUST_1445,58,23932,790,Full-time,5679,3127,2460,3597,424,Fuel
CUST_1446,54,24130,792,Executive,6119,2273,1450,1327,191,Dining
CUST_1447,32,2487,567,Retired,3539,3629,1877,614,188,Shopping
CUST_1448,39,4821,736,Retired,11722,2114,2337,244,11,Fuel
CUST_1449,57,17312,693,Retired,10310,3268,1291,756,238,Dining
CUST_1450,64,6115,811,Executive,10527,1677,2198,823,592,Cashback
CUST_1451,79,17012,788,Full-time,5584,2882,1742,2827,452,Dining
CUST_1452,79,14646,847,Freelance,11435,3094,1278,3807,382,Travel
CUST_1453,69,15154,625,Full-time,10764,998,1400,2779,47,Travel
CUST_1454,37,21625,737,Retired,1677,3677,1676,1846,316,Fuel
CUST_1455,30,4552,795,Retired,3670,1777,854,1240,208,Shopping
CUST_1456,77,24458,679,Freelance,11828,2284,1381,4611,546,Cashback
CUST_1457,75,2226,832,Full-time,1092,956,2417,473,118,Fuel
CUST_1458,69,5260,628,Retired,10643,2966,704,4131,576,Cashback
CUST_1459,67,23690,621,Retired,9528,3994,825,3249,314,Travel
CUST_1460,32,3375,812,Full-time,3486,1589,1004,1792,35,Shopping
CUST_1461,36,24877,740,Retired,1033,1161,376,1734,462,Shopping
CUST_1462,44,15469,612,Full-time,11644,2520,972,4925,553,Travel
CUST_1463,39,5533,561,Retired,3174,1868,117,3942,580,Dining
CUST_1464,28,6943,690,Full-time,3072,3855,443,944,402,Shopping
CUST_1465,51,18873,803,Freelance,1766,552,754,1511,106,Dining
CUST_1466,41,5244,592,Retired,1689,1633,639,4081,38,Cashback
CUST_1467,37,18477,566,Freelance,4663,694,2171,4526,580,Shopping
CUST_1468,43,3274,612,Retired,6954,3711,1300,858,179,Travel
CUST_1469,57,12151,802,Retired,4200,3300,2407,3560,11,Dining
CUST_1470,74,2435,841,Executive,9026,316,622,229,338,Cashback
CUST_1471,36,14895,557,Full-time,5342,2645,1492,2417,547,Cashback
CUST_1472,26,5308,639,Freelance,4323,767,2008,177,125,Shopping
CUST_1473,28,18215,757,Freelance,2563,3792,1651,3928,62,Shopping
CUST_1474,45,13141,841,Freelance,4091,3798,1723,2615,81,Fuel
CUST_1475,38,20586,833,Full-time,3288,2933,1919,1613,298,Fuel
CUST_1476,45,15876,667,Executive,11692,3683,918,2840,33,Shopping
CUST_1477,32,7389,724,Freelance,2358,2608,1173,2947,48,Fuel
CUST_1478,35,6554,625,Full-time,5490,3272,2499,1774,56,Travel
CUST_1479,79,5368,650,Retired,6921,1971,1185,3871,108,Travel
CUST_1480,46,22084,700,Freelance,3076,2305,119,81,516,Fuel
CUST_1481,61,18085,819,Freelance,5239,1503,581,845,23,Shopping
CUST_1482,65,20381,620,Executive,1903,3959,1947,2809,220,Travel
CUST_1483,46,3342,729,Freelance,8320,3249,2146,1216,314,Cashback
CUST_1484,67,11558,673,Freelance,10411,2804,1190,4713,293,Shopping
CUST_1485,52,10601,842,Retired,6209,122,1686,3260,9,Dining
CUST_1486,30,13997,834,Full-time,10470,2389,1999,3145,480,Dining
CUST_1487,36,6158,744,Full-time,8669,3242,400,2263,266,Shopping
CUST_1488,27,12881,777,Executive,3756,1868,2412,2337,87,Fuel
CUST_1489,37,9044,824,Retired,8510,1671,1349,444,454,Travel
CUST_1490,43,9218,655,Full-time,6817,1082,1656,922,532,Travel
CUST_1491,46,15351,570,Retired,10374,1728,620,4288,147,Shopping
CUST_1492,41,18654,613,Full-time,11566,3536,246,4384,430,Cashback
CUST_1493,42,21039,714,Retired,4184,3851,2481,2630,241,Fuel
CUST_1494,78,13277,576,Executive,10561,2307,1116,1167,65,Cashback
CUST_1495,27,3128,834,Freelance,10886,3444,623,3963,377,Shopping
CUST_1496,34,1886,697,Executive,11235,1996,2368,3441,387,Shopping
CUST_1497,35,7531,830,Full-time,10858,2142,1839,3512,208,Cashback
CUST_1498,73,7939,713,Executive,828,1148,2109,895,414,Dining
CUST_1499,27,24285,773,Freelance,9697,2088,299,3722,15,Shopping
CUST_1500,29,14892,821,Executive,10012,1914,402,2060,296,Fuel
CUST_1501,71,21892,695,Full-time,11055,253,1671,3034,219,Cashback
CUST_1502,68,20350,579,Full-time,10438,6,252,2387,366,Dining
CUST_1503,28,3782,594,Executive,8556,3542,1757,1897,228,Cashback
CUST_1504,70,3356,824,Freelance,7748,2775,1392,1799,439,Dining
CUST_1505,79,17170,583,Executive,11979,3582,1964,4407,531,Dining
CUST_1506,43,3498,690,Freelance,6555,3652,159,2780,449,Fuel
CUST_1507,49,6976,770,Retired,4402,2116,204,1127,35,Shopping
CUST_1508,38,10928,571,Freelance,5862,3152,1161,338,421,Dining
CUST_1509,51,6169,729,Retired,8871,541,1391,4454,188,Shopping
CUST_1510,50,13836,780,Executive,8044,3656,857,1172,177,Fuel
CUST_1511,72,10842,587,Freelance,7172,3333,759,2808,314,Shopping
CUST_1512,59,22202,619,Retired,7905,88,1590,4863,19,Travel
CUST_1513,55,8564,665,Retired,4381,1938,2115,3029,381,Dining
CUST_1514,38,8946,788,Retired,3562,3279,132,2089,142,Fuel
CUST_1515,79,19315,697,Full-time,1372,212,1723,4297,61,Cashback
CUST_1516,62,7124,558,Executive,8505,2881,429,3017,241,Fuel
CUST_1517,59,8961,837,Retired,1414,265,2355,4559,237,Dining
CUST_1518,37,3319,599,Freelance,4850,2959,1197,448,130,Fuel
CUST_1519,34,12016,554,Retired,1125,2340,2459,4893,122,Cashback
CUST_1520,51,15249,675,Full-time,4540,1230,96,793,439,Travel
CUST_1521,44,19014,624,Executive,1158,2380,1706,436,341,Dining
CUST_1522,55,24447,714,Full-time,4577,3148,1177,4626,418,Dining
CUST_1523,64,4158,827,Full-time,6706,3359,1718,4660,454,Fuel
CUST_1524,65,5000,849,Full-time,11363,1004,1265,1620,197,Shopping
CUST_1525,54,3620,839,Freelance,2521,2094,1327,3501,281,Shopping
CUST_1526,23,5520,626,Executive,2149,621,1308,2919,0,Cashback
CUST_1527,57,11713,847,Executive,4496,3271,1050,4308,331,Travel
CUST_1528,63,4759,686,Freelance,4696,426,1383,948,211,Travel
CUST_1529,60,11581,655,Executive,5060,209,2249,3944,86,Fuel
CUST_1530,46,3323,644,Full-time,10588,887,580,1127,60,Fuel
CUST_1531,75,19358,684,Executive,10619,1443,2417,191,94,Shopping
CUST_1532,43,20126,617,Freelance,7741,153,532,4012,552,Travel
CUST_1533,64,14967,696,Full-time,11494,3593,1175,3760,146,Travel
CUST_1534,59,21127,708,Freelance,4608,414,1125,3730,245,Travel
CUST_1535,35,8490,712,Retired,6046,3424,898,1403,296,Cashback
CUST_1536,76,23044,738,Full-time,9184,1180,1469,1990,122,Cashback
CUST_1537,69,4634,644,Full-time,11666,1284,1252,1104,455,Fuel
CUST_1538,24,19954,730,Executive,4645,3148,769,4800,398,Shopping
CUST_1539,49,18243,837,Full-time,3377,768,833,548,230,Dining
CUST_1540,42,16934,736,Freelance,891,982,1904,3448,533,Shopping
CUST_1541,45,16507,687,Executive,5034,1511,2283,1861,401,Cashback
CUST_1542,33,11733,679,Retired,9472,3202,2209,4249,591,Cashback
CUST_1543,38,17878,743,Freelance,7392,578,553,570,129,Fuel
CUST_1544,53,2641,822,Retired,11908,3526,1091,1784,291,Dining
CUST_1545,36,19519,693,Retired,8928,2787,1196,2287,275,Travel
CUST_1546,65,21884,565,Retired,1875,2210,1660,2421,375,Dining
CUST_1547,62,11635,794,Full-time,3313,1038,558,3972,54,Dining
CUST_1548,64,14466,656,Freelance,8968,3303,260,804,577,Dining
CUST_1549,22,4861,637,Freelance,7661,2242,2264,798,25,Fuel
CUST_1550,75,24467,678,Full-time,9790,3932,1840,3275,440,Cashback
CUST_1551,55,9335,553,Executive,1404,541,1147,610,196,Travel
CUST_1552,62,12672,644,Retired,3779,358,804,1806,242,Dining
CUST_1553,54,17890,758,Freelance,7940,849,1185,4238,189,Travel
CUST_1554,50,4767,774,Full-time,7865,3402,2248,3260,567,Dining
CUST_1555,79,8064,596,Retired,5716,426,2449,4367,566,Cashback
CUST_1556,75,22812,730,Executive,7600,2544,274,3371,275,Travel
CUST_1557,33,20490,655,Executive,1397,2875,205,2473,408,Shopping
CUST_1558,33,12911,748,Retired,10524,485,1723,2093,339,Cashback
CUST_1559,38,7406,655,Executive,8120,1831,866,2142,152,Travel
CUST_1560,52,17528,829,Freelance,9505,1472,92,4001,564,Dining
CUST_1561,52,21157,809,Freelance,6422,1436,1065,3080,397,Dining
CUST_1562,55,9111,657,Freelance,2677,329,2426,4554,443,Cashback
CUST_1563,79,18797,568,Executive,2499,1755,1351,1432,426,Cashback
CUST_1564,59,3511,845,Freelance,10021,2936,2112,2517,486,Dining
CUST_1565,66,19326,720,Full-time,6580,3038,364,2857,203,Travel
CUST_1566,72,23430,744,Freelance,1516,1170,820,505,111,Shopping
CUST_1567,49,12746,561,Freelance,4886,258,1507,1096,324,Fuel
CUST_1568,69,15290,744,Executive,1465,2339,2029,4179,257,Cashback
CUST_1569,49,13238,832,Freelance,8646,3882,1924,4154,527,Dining
CUST_1570,73,16230,731,Retired,7411,142,1085,1044,349,Travel
CUST_1571,64,12620,693,Full-time,11200,2016,1296,2204,434,Cashback
CUST_1572,77,19713,731,Executive,1879,2794,2276,3902,425,Travel
CUST_1573,36,10267,579,Full-time,9219,626,1043,1352,279,Cashback
CUST_1574,76,24352,633,Retired,9140,1388,2,1596,370,Dining
CUST_1575,64,15203,715,Executive,1869,89,1753,575,248,Travel
CUST_1576,67,2429,833,Executive,6063,719,910,679,180,Dining
CUST_1577,77,13451,830,Freelance,8751,3235,306,4298,77,Travel
CUST_1578,30,21583,645,Full-time,2163,480,2479,3712,335,Cashback
CUST_1579,50,17345,815,Retired,5308,2131,135,3828,49,Fuel
CUST_1580,45,18938,847,Retired,2555,1100,1932,1129,84,Fuel
CUST_1581,59,17247,845,Executive,1319,672,2240,3904,3,Shopping
CUST_1582,40,7244,774,Freelance,6263,516,1608,3193,316,Shopping
CUST_1583,25,19784,591,Executive,11314,2532,1438,317,110,Dining
CUST_1584,21,11149,795,Executive,8033,1613,872,3696,333,Travel
CUST_1585,50,8480,757,Executive,1902,3674,1141,4501,132,Shopping
CUST_1586,69,8569,786,Executive,1397,3670,665,2996,118,Cashback
CUST_1587,23,11091,571,Retired,4073,781,208,3594,349,Fuel
CUST_1588,65,21299,734,Retired,6581,2151,951,3209,541,Travel
CUST_1589,34,1942,791,Executive,11597,3523,1057,2542,54,Fuel
CUST_1590,76,24102,832,Executive,7056,3558,648,678,360,Travel
CUST_1591,50,6152,590,Freelance,8058,2035,1341,1889,452,Shopping
CUST_1592,70,10870,711,Executive,11180,2386,2167,1643,552,Shopping
CUST_1593,24,9097,709,Retired,9580,686,626,834,329,Dining
CUST_1594,38,15825,638,Full-time,7354,1589,524,2241,218,Travel
CUST_1595,57,5958,561,Retired,10399,899,1604,2355,207,Cashback
CUST_1596,45,8091,622,Freelance,8802,1501,1868,1668,84,Shopping
CUST_1597,68,17846,625,Retired,5646,3794,768,2553,244,Dining
CUST_1598,21,13326,750,Full-time,10621,2654,2094,280,334,Shopping
CUST_1599,73,20193,559,Executive,9986,222,771,2762,211,Fuel
CUST_1600,66,15638,775,Full-time,5598,3080,739,4703,595,Shopping
CUST_1601,35,24152,725,Executive,7405,1076,521,4578,182,Travel
CUST_1602,29,18794,825,Executive,11051,1100,1400,1246,132,Dining
CUST_1603,35,22224,588,Retired,3786,1741,2181,1772,349,Travel
CUST_1604,69,21893,609,Retired,1200,502,247,2164,281,Cashback
CUST_1605,77,24512,615,Retired,3655,1339,1341,191,292,Cashback
CUST_1606,44,3669,673,Freelance,11216,3885,2483,2835,268,Shopping
CUST_1607,24,20056,713,Retired,4212,2869,1858,2665,196,Dining
CUST_1608,32,23552,708,Freelance,856,3913,685,2563,536,Dining
CUST_1609,79,7813,606,Retired,8822,623,585,306,19,Dining
CUST_1610,78,9815,627,Executive,2675,1886,2398,531,404,Dining
CUST_1611,57,9536,743,Freelance,5343,2212,142,4217,114,Shopping
CUST_1612,57,24673,834,Full-time,5098,3350,966,2696,25,Travel
CUST_1613,63,2285,564,Freelance,4568,1050,717,4687,565,Shopping
CUST_1614,26,7639,561,Freelance,6552,1093,642,58,394,Travel
CUST_1615,59,7844,650,Full-time,5633,3289,369,1573,380,Fuel
CUST_1616,76,20300,705,Freelance,2153,1985,1109,1140,522,Fuel
CUST_1617,66,22038,674,Executive,11402,1388,786,1810,538,Travel
CUST_1618,44,16473,829,Retired,5787,3772,1483,3198,82,Shopping
CUST_1619,31,7119,659,Full-time,7397,3916,949,3476,549,Cashback
CUST_1620,33,3436,695,Retired,5111,1329,1348,4494,444,Shopping
CUST_1621,54,5307,765,Executive,11594,1147,521,2562,86,Cashback
CUST_1622,45,8651,711,Full-time,3734,18,1952,2852,386,Shopping
CUST_1623,27,10993,677,Retired,822,1280,2444,941,397,Dining
CUST_1624,72,13855,699,Retired,11194,3367,354,4623,285,Dining
CUST_1625,24,4736,585,Executive,2009,3999,946,1774,368,Fuel
CUST_1626,79,17348,722,Retired,11288,1045,2335,1421,421,Fuel
CUST_1627,28,3852,571,Executive,9740,3951,1482,435,442,Travel
CUST_1628,40,3432,755,Freelance,1604,988,1647,839,519,Cashback
CUST_1629,49,12413,676,Executive,9125,2497,535,4001,583,Dining
CUST_1630,74,10056,766,Freelance,5216,2599,1314,4455,287,Shopping
CUST_1631,73,22800,645,Full-time,11429,1573,2215,4959,94,Travel
CUST_1632,71,6998,713,Retired,9425,1071,949,2681,40,Shopping
CUST_1633,65,12082,697,Executive,5941,2742,620,1650,330,Dining
CUST_1634,66,18830,567,Executive,5768,2634,427,1245,154,Dining
CUST_1635,30,15365,843,Retired,4471,2768,1725,2261,503,Dining
CUST_1636,63,11069,744,Retired,8092,1206,2402,915,274,Dining
CUST_1637,54,19323,700,Full-time,7801,1458,2243,2639,564,Shopping
CUST_1638,77,6357,672,Full-time,2898,2154,544,3889,178,Travel
CUST_1639,46,1840,736,Executive,11909,1211,823,4481,136,Dining
CUST_1640,61,12681,698,Full-time,9244,775,1002,1326,179,Fuel
CUST_1641,69,18266,653,Freelance,5861,3157,658,3358,181,Travel
CUST_1642,78,9991,792,Full-time,10121,1859,2058,1585,258,Fuel
CUST_1643,23,1638,780,Full-time,4064,1866,2443,3368,242,Shopping
CUST_1644,76,1858,755,Executive,6235,3527,730,388,95,Dining
CUST_1645,26,22815,747,Freelance,9293,1160,1832,2791,196,Travel
CUST_1646,25,11214,636,Full-time,7491,1881,408,3332,525,Dining
CUST_1647,25,21340,691,Freelance,10969,2945,2409,703,386,Dining
CUST_1648,74,3127,748,Freelance,3563,2383,83,2820,407,Travel
CUST_1649,67,17496,595,Freelance,4805,2654,2203,4959,268,Dining
CUST_1650,43,24510,837,Retired,4041,2885,706,1059,170,Dining
CUST_1651,69,6504,564,Retired,3857,1780,1961,4174,583,Cashback
CUST_1652,29,14783,593,Retired,1350,3540,1447,1298,169,Cashback
CUST_1653,55,8152,718,Retired,6374,601,133,1301,158,Travel
CUST_1654,40,24300,593,Executive,6211,1594,787,673,508,Travel
CUST_1655,78,21054,647,Full-time,2387,2450,863,2359,446,Dining
CUST_1656,69,21719,810,Retired,10814,539,666,4299,81,Fuel
CUST_1657,79,3651,658,Executive,6720,1095,276,4112,56,Travel
CUST_1658,62,10929,832,Full-time,6060,1805,1775,4571,518,Dining
CUST_1659,55,15572,653,Retired,5209,23,881,3582,111,Fuel
CUST_1660,70,13427,805,Full-time,6583,623,2060,1016,47,Cashback
CUST_1661,38,8405,755,Retired,1512,1835,2389,209,591,Travel
CUST_1662,37,20718,592,Executive,11167,3556,2082,498,375,Dining
CUST_1663,44,13952,794,Freelance,6206,1079,1237,428,32,Cashback
CUST_1664,23,17712,836,Freelance,8790,985,2452,3639,503,Shopping
CUST_1665,52,20451,822,Full-time,8220,222,158,3151,2,Cashback
CUST_1666,55,2807,632,Executive,7643,3703,1133,2105,485,Dining
CUST_1667,58,16352,659,Freelance,3233,178,1851,1553,515,Fuel
CUST_1668,33,4160,739,Retired,4101,2847,278,3206,41,Shopping
CUST_1669,76,11903,837,Freelance,1070,2481,110,2569,8,Shopping
CUST_1670,67,21614,800,Full-time,10786,1960,2478,2628,141,Shopping
CUST_1671,45,11738,761,Full-time,11454,1473,541,1876,435,Travel
CUST_1672,29,7707,840,Executive,1879,792,1138,4994,26,Dining
CUST_1673,24,21046,682,Full-time,11870,883,359,1067,42,Shopping
CUST_1674,34,2640,750,Freelance,6122,2539,2419,1506,130,Cashback
CUST_1675,57,3208,834,Freelance,9595,1212,1238,3013,215,Fuel
CUST_1676,54,5130,644,Freelance,6057,1601,1756,1667,519,Dining
CUST_1677,31,21095,827,Freelance,8782,809,954,4588,597,Cashback
CUST_1678,61,11985,768,Executive,10577,960,2306,4700,344,Travel
CUST_1679,76,13521,638,Retired,7014,419,2167,4066,507,Shopping
CUST_1680,23,24422,621,Retired,5806,3320,975,947,412,Cashback
CUST_1681,79,18359,796,Executive,4785,3659,912,4389,245,Dining
CUST_1682,48,9184,678,Full-time,10387,2696,1151,1171,448,Cashback
CUST_1683,49,2707,761,Retired,9591,1187,722,171,20,Travel
CUST_1684,29,14831,645,Full-time,9505,3816,1711,4626,407,Fuel
CUST_1685,23,3460,624,Retired,6791,1278,324,1143,456,Shopping
CUST_1686,45,2057,603,Full-time,7027,2523,1529,1859,443,Dining
CUST_1687,54,17383,603,Executive,10058,3877,1549,2188,264,Shopping
CUST_1688,32,15393,767,Freelance,8633,1440,1073,2493,183,Shopping
CUST_1689,62,2382,565,Full-time,3686,2217,1945,3577,226,Shopping
CUST_1690,29,6261,648,Freelance,3453,1340,1607,188,547,Cashback
CUST_1691,35,7367,569,Full-time,10080,2221,2116,4076,245,Cashback
CUST_1692,60,24847,595,Full-time,5664,2517,390,157,72,Fuel
CUST_1693,45,14369,742,Full-time,3314,2392,2430,2717,149,Travel
CUST_1694,25,8666,607,Full-time,4769,2492,15,1970,512,Dining
CUST_1695,31,14482,660,Full-time,4084,1041,845,245,68,Cashback
CUST_1696,79,9429,678,Freelance,8540,1093,868,2903,229,Shopping
CUST_1697,54,6847,743,Full-time,5366,1361,567,2795,71,Travel
CUST_1698,44,8769,557,Freelance,2996,2675,2179,3824,396,Dining
CUST_1699,35,15027,578,Executive,1589,591,2019,2377,83,Dining
CUST_1700,58,3954,661,Retired,4275,526,2320,849,298,Dining
CUST_1701,28,22378,710,Full-time,10656,3759,1646,1810,292,Dining
CUST_1702,79,19830,680,Retired,2109,2503,356,3986,222,Fuel
CUST_1703,25,14491,737,Freelance,1664,1292,1656,2126,215,Dining
CUST_1704,68,4308,712,Executive,6189,1654,2280,4264,230,Travel
CUST_1705,46,8142,746,Executive,4163,810,35,3030,404,Cashback
CUST_1706,38,5325,753,Executive,9015,187,2460,2307,168,Travel
CUST_1707,26,5036,761,Retired,3803,3068,1027,3076,328,Shopping
CUST_1708,57,23952,658,Freelance,9302,1592,2091,2344,425,Fuel
CUST_1709,68,16809,825,Full-time,2031,2758,113,619,553,Fuel
CUST_1710,33,5302,622,Full-time,8759,528,1772,2902,195,Shopping
CUST_1711,48,22583,716,Freelance,3511,433,2444,2407,525,Travel
CUST_1712,25,19854,809,Retired,7381,2335,1197,4452,76,Travel
CUST_1713,33,23690,792,Full-time,8505,1941,1278,3004,276,Shopping
CUST_1714,37,7642,824,Freelance,1221,3638,465,3914,465,Dining
CUST_1715,70,20703,651,Full-time,10765,2546,1487,2486,447,Dining
CUST_1716,60,10594,722,Executive,1746,3512,846,3402,319,Cashback
CUST_1717,65,1864,720,Full-time,10178,1804,501,3596,159,Travel
CUST_1718,52,22142,690,Retired,2634,302,440,1677,491,Travel
CUST_1719,49,21003,737,Freelance,2364,86,2116,4039,312,Shopping
CUST_1720,71,17188,635,Retired,8132,2877,325,1304,160,Shopping
CUST_1721,78,3363,601,Freelance,5744,437,1765,4093,307,Dining
CUST_1722,23,17999,660,Executive,10939,2588,66,1963,145,Travel
CUST_1723,76,8584,592,Freelance,2108,1045,303,3307,395,Travel
CUST_1724,60,9516,760,Full-time,3786,832,971,1361,88,Fuel
CUST_1725,54,3884,749,Full-time,1186,796,483,4294,307,Cashback
CUST_1726,60,16572,847,Executive,6931,559,928,1787,545,Cashback
CUST_1727,47,5435,789,Freelance,10153,3588,1440,1073,370,Dining
CUST_1728,33,14627,664,Executive,4058,761,148,1165,450,Travel
CUST_1729,65,15982,575,Full-time,6921,1698,2295,3599,166,Fuel
CUST_1730,53,9242,848,Retired,5611,3574,1124,2717,391,Travel
CUST_1731,26,17665,626,Executive,7374,3785,95,3153,490,Shopping
CUST_1732,44,23326,686,Retired,7497,2514,281,4126,149,Dining
CUST_1733,39,3990,569,Retired,4733,1124,2369,3055,467,Cashback
CUST_1734,36,24864,760,Freelance,11839,3654,528,659,42,Travel
CUST_1735,60,14824,789,Executive,2239,2722,2310,4642,28,Dining
CUST_1736,48,19608,588,Retired,6969,684,1642,2582,30,Cashback
CUST_1737,53,20651,817,Retired,5280,1164,579,1129,127,Travel
CUST_1738,79,2637,756,Freelance,855,137,1663,2274,293,Fuel
CUST_1739,79,22001,816,Freelance,4124,577,2341,4466,440,Dining
CUST_1740,68,4920,703,Full-time,7577,709,1631,1468,387,Travel
CUST_1741,61,7345,591,Retired,905,3911,2442,2102,523,Cashback
CUST_1742,33,22662,560,Full-time,4001,227,809,3266,546,Cashback
CUST_1743,63,5406,843,Retired,1469,2328,692,2471,109,Fuel
CUST_1744,65,21521,647,Full-time,9734,2731,234,1151,327,Dining
CUST_1745,45,20837,824,Freelance,1766,827,951,92,404,Dining
CUST_1746,73,23813,779,Executive,1107,430,1854,2566,244,Travel
CUST_1747,62,13913,769,Freelance,2938,1063,1360,1281,162,Cashback
CUST_1748,56,1776,614,Full-time,909,3590,1031,2900,559,Cashback
CUST_1749,47,19883,781,Full-time,4432,1709,1466,2799,398,Fuel
CUST_1750,58,19111,601,Executive,7528,1686,1964,3177,582,Fuel
CUST_1751,27,7837,812,Retired,6484,1234,538,4511,398,Dining
CUST_1752,25,13444,816,Full-time,7299,301,819,2604,492,Cashback
CUST_1753,63,21619,703,Full-time,2715,1109,1681,3881,238,Travel
CUST_1754,65,17406,689,Full-time,1356,1420,271,2413,464,Shopping
CUST_1755,78,18579,600,Executive,8419,3324,1028,1544,579,Travel
CUST_1756,77,22036,666,Freelance,904,532,1922,3530,31,Fuel
CUST_1757,71,13806,595,Full-time,2847,768,1242,2646,122,Travel
CUST_1758,51,12003,637,Executive,945,3962,1141,4784,533,Cashback
CUST_1759,43,20725,757,Full-time,11755,1938,592,2058,109,Dining
CUST_1760,62,5708,818,Retired,1673,1404,1605,4514,270,Shopping
CUST_1761,30,13090,638,Executive,1098,443,114,1145,379,Dining
CUST_1762,52,12386,667,Full-time,4038,3104,2310,910,299,Shopping
CUST_1763,63,14366,603,Executive,9637,259,1677,3306,248,Shopping
CUST_1764,73,2588,665,Full-time,7182,3305,1445,1566,520,Cashback
CUST_1765,50,4863,667,Freelance,3311,1538,206,2395,33,Cashback
CUST_1766,59,1524,809,Full-time,7396,3930,2350,3005,227,Fuel
CUST_1767,51,11264,624,Executive,1583,1331,111,4507,584,Fuel
CUST_1768,38,24028,556,Retired,5792,2786,1440,4248,398,Shopping
CUST_1769,56,23552,671,Retired,1170,2843,1882,91,583,Fuel
CUST_1770,22,22120,560,Retired,1286,69,184,3992,569,Cashback
CUST_1771,34,11459,764,Full-time,8178,1477,1764,330,219,Fuel
CUST_1772,33,14435,828,Freelance,11029,1462,900,954,370,Shopping
CUST_1773,49,9568,577,Full-time,3996,1848,220,3780,527,Dining
CUST_1774,32,20119,784,Retired,10352,3435,1467,2601,74,Travel
CUST_1775,59,8795,575,Executive,5087,3030,1093,2977,135,Fuel
CUST_1776,22,9892,603,Retired,3061,3837,2474,4289,73,Cashback
CUST_1777,52,12890,578,Executive,11613,480,2012,529,253,Dining
CUST_1778,33,9948,713,Freelance,9948,1167,2490,2892,17,Cashback
CUST_1779,66,21631,819,Executive,9372,2071,600,1266,42,Fuel
CUST_1780,47,11933,584,Full-time,1038,3012,1160,1473,49,Shopping
CUST_1781,69,16538,835,Full-time,7643,3496,503,4734,514,Travel
CUST_1782,61,21059,822,Full-time,1905,2793,2178,1597,570,Travel
CUST_1783,37,13028,757,Executive,2186,2892,217,2525,575,Dining
CUST_1784,60,22781,787,Full-time,11544,1198,2218,4793,581,Travel
CUST_1785,51,22921,642,Full-time,11241,3915,1498,3761,302,Shopping
CUST_1786,54,17243,722,Full-time,10519,2372,611,2742,141,Cashback
CUST_1787,44,10105,628,Freelance,2467,1892,1152,4635,201,Shopping
CUST_1788,65,3514,659,Executive,3491,1694,56,4425,206,Dining
CUST_1789,55,2881,766,Executive,8556,1883,1204,469,414,Dining
CUST_1790,68,2598,655,Retired,2796,1371,245,3830,220,Travel
CUST_1791,26,21310,596,Executive,2225,797,143,533,361,Shopping
CUST_1792,39,21539,730,Freelance,11804,17,367,4562,80,Cashback
CUST_1793,50,10601,613,Executive,8823,43,1482,4055,562,Shopping
CUST_1794,27,1687,795,Freelance,7649,154,2265,3679,284,Cashback
CUST_1795,30,13448,793,Freelance,4047,866,615,4087,368,Cashback
CUST_1796,61,11707,636,Executive,3392,2969,1881,761,491,Shopping
CUST_1797,52,23293,766,Retired,2290,3448,1588,890,345,Fuel
CUST_1798,54,3592,556,Full-time,2024,742,2489,2355,203,Shopping
CUST_1799,48,20014,827,Full-time,3387,3954,698,1955,24,Cashback
CUST_1800,35,6742,759,Executive,8514,1851,875,2971,552,Dining
CUST_1801,50,10049,718,Executive,3864,1425,1685,1672,68,Dining
CUST_1802,57,23531,687,Freelance,8604,224,944,2836,515,Travel
CUST_1803,49,6685,779,Executive,1632,216,922,4927,491,Dining
CUST_1804,42,16771,710,Freelance,3240,3639,1746,4939,239,Fuel
CUST_1805,24,7276,550,Retired,5595,30,24,3644,360,Cashback
CUST_1806,40,13949,785,Executive,2446,1892,1687,2297,440,Shopping
CUST_1807,52,9323,737,Full-time,1240,1082,1559,4061,30,Shopping
CUST_1808,56,17217,553,Full-time,6756,1915,1083,3166,321,Fuel
CUST_1809,70,8855,681,Executive,10521,897,433,1319,343,Dining
CUST_1810,24,7965,767,Freelance,11957,3424,1089,183,535,Cashback
CUST_1811,47,14237,809,Full-time,3167,2982,1951,1283,354,Dining
CUST_1812,37,19381,550,Freelance,7496,444,2153,2846,470,Travel
CUST_1813,32,14824,620,Executive,5990,1258,95,2233,104,Dining
CUST_1814,42,11850,727,Executive,5463,1130,167,4088,321,Travel
CUST_1815,37,4055,738,Full-time,7862,1214,2089,1432,571,Shopping
CUST_1816,30,23293,840,Executive,5131,2015,1902,3140,526,Cashback
CUST_1817,74,4451,557,Retired,10296,2577,2151,1796,503,Travel
CUST_1818,21,19122,802,Retired,3834,1936,1868,4722,84,Dining
CUST_1819,42,6227,841,Full-time,10177,737,1998,2055,234,Dining
CUST_1820,46,21849,793,Retired,4062,1702,2329,3336,262,Shopping
CUST_1821,76,7186,672,Freelance,2907,3654,1133,782,5,Fuel
CUST_1822,79,5201,848,Full-time,7836,873,2010,1507,493,Fuel
CUST_1823,38,4280,832,Full-time,10832,565,748,4870,288,Dining
CUST_1824,70,19472,581,Freelance,5120,3316,1891,3854,569,Fuel
CUST_1825,34,3868,695,Retired,6738,2018,830,676,553,Cashback
CUST_1826,67,17092,705,Retired,3547,1885,48,1830,349,Fuel
CUST_1827,49,23673,565,Retired,5477,2123,114,4090,199,Cashback
CUST_1828,32,1936,596,Full-time,8772,546,1178,4306,334,Dining
CUST_1829,56,4328,800,Full-time,5064,2314,1672,1360,216,Dining
CUST_1830,79,3056,736,Retired,3933,316,70,4585,352,Dining
CUST_1831,55,14864,580,Executive,2265,3883,1359,2686,324,Shopping
CUST_1832,72,16561,809,Retired,4909,3192,66,190,227,Fuel
CUST_1833,32,12076,566,Freelance,3011,1859,1516,842,144,Travel
CUST_1834,27,18066,588,Full-time,6339,24,1673,334,307,Travel
CUST_1835,49,8690,588,Freelance,11796,3503,1777,1110,284,Dining
CUST_1836,31,24571,681,Freelance,10535,159,966,578,391,Fuel
CUST_1837,53,7065,579,Full-time,2489,2643,2228,61,359,Cashback
CUST_1838,26,16869,707,Executive,10563,1137,1789,386,164,Travel
CUST_1839,67,23459,827,Retired,8527,3806,612,1169,580,Dining
CUST_1840,35,3089,752,Freelance,8564,899,1886,2200,223,Travel
CUST_1841,52,1659,615,Full-time,5341,2549,1622,4714,123,Travel
CUST_1842,71,13645,657,Freelance,4341,1189,696,1683,343,Travel
CUST_1843,31,16873,817,Retired,1618,3060,2295,486,523,Dining
CUST_1844,78,8055,771,Executive,5321,702,1237,3732,51,Dining
CUST_1845,43,17737,841,Executive,1924,3246,2406,540,128,Shopping
CUST_1846,46,10703,567,Executive,6460,0,248,2060,134,Shopping
CUST_1847,54,9744,639,Full-time,6441,1922,637,4246,126,Shopping
CUST_1848,66,16243,730,Full-time,1929,2788,949,1238,70,Travel
CUST_1849,54,14833,804,Executive,2502,3157,1904,990,272,Fuel
CUST_1850,49,14841,802,Retired,2801,3645,1111,4467,186,Dining
CUST_1851,24,24730,806,Retired,7712,2367,175,2299,2,Shopping
CUST_1852,37,20191,636,Full-time,4678,1424,722,3907,284,Fuel
CUST_1853,55,2728,639,Executive,8032,381,2473,4288,21,Shopping
CUST_1854,33,7090,786,Retired,10798,1741,770,1080,165,Shopping
CUST_1855,61,24803,619,Retired,11939,3688,1947,197,309,Fuel
CUST_1856,59,7085,593,Retired,7131,3389,702,2194,476,Shopping
CUST_1857,35,10727,749,Full-time,6835,1826,2128,1598,497,Travel
CUST_1858,75,7546,701,Executive,11144,1273,926,1600,433,Travel
CUST_1859,49,13737,635,Freelance,7323,1548,137,3692,233,Travel
CUST_1860,49,17149,568,Executive,8911,3746,2397,3865,375,Cashback
CUST_1861,31,6445,650,Executive,9536,1578,1149,683,245,Shopping
CUST_1862,72,9427,644,Full-time,3201,897,1940,3083,302,Cashback
CUST_1863,52,14141,803,Retired,11356,3694,1891,3989,404,Dining
CUST_1864,22,17498,579,Retired,10281,716,1878,332,20,Fuel
CUST_1865,67,14886,798,Full-time,10867,3967,1253,1771,256,Dining
CUST_1866,34,8516,582,Full-time,9774,3327,1483,4200,398,Cashback
CUST_1867,40,15527,778,Full-time,1339,2354,1368,2721,528,Travel
CUST_1868,42,17420,561,Full-time,11774,3215,309,806,50,Shopping
CUST_1869,31,15252,667,Full-time,6415,3729,1043,1064,446,Shopping
CUST_1870,47,22970,704,Freelance,11660,390,1670,888,269,Travel
CUST_1871,23,19768,795,Executive,3756,3884,1564,2923,594,Shopping
CUST_1872,37,19693,796,Executive,8877,1699,1583,320,261,Fuel
CUST_1873,64,4667,578,Executive,4522,3240,1500,3957,364,Fuel
CUST_1874,76,13489,710,Retired,10825,3037,2316,2382,48,Fuel
CUST_1875,48,24236,784,Freelance,5887,2345,769,3231,517,Dining
CUST_1876,49,15587,739,Executive,11138,232,15,2311,117,Travel
CUST_1877,41,23940,666,Retired,7260,1926,605,3601,452,Fuel
CUST_1878,67,3937,820,Freelance,2970,2318,1381,1500,396,Cashback
CUST_1879,36,24352,807,Freelance,4191,3131,812,1568,26,Fuel
CUST_1880,57,16775,729,Retired,7742,1319,1990,3281,371,Dining
CUST_1881,79,23835,721,Freelance,2416,3538,894,1519,96,Cashback
CUST_1882,40,6776,823,Retired,9908,3306,1567,1918,528,Travel
CUST_1883,26,10359,808,Executive,7258,2724,2316,4089,185,Travel
CUST_1884,39,9318,684,Retired,3556,705,413,1865,214,Fuel
CUST_1885,77,6228,720,Freelance,7653,233,24,1405,250,Cashback
CUST_1886,25,20508,759,Executive,8509,1391,2004,2723,215,Cashback
CUST_1887,23,7238,785,Executive,2736,3766,315,4,28,Fuel
CUST_1888,79,22116,735,Full-time,3891,2892,570,1168,101,Fuel
CUST_1889,21,7293,644,Full-time,1768,1255,724,2398,122,Shopping
CUST_1890,78,6023,560,Freelance,8097,1896,1849,2630,53,Shopping
CUST_1891,58,7071,617,Retired,4003,2538,1299,347,282,Fuel
CUST_1892,35,17709,759,Retired,7299,3690,1953,4220,116,Dining
CUST_1893,54,16746,745,Freelance,5973,2550,388,1813,556,Shopping
CUST_1894,55,11880,647,Executive,1689,889,443,3342,113,Fuel
CUST_1895,69,3724,642,Freelance,9784,3806,970,2574,542,Cashback
CUST_1896,45,9889,571,Freelance,9973,591,2415,3825,292,Shopping
CUST_1897,44,17427,721,Executive,8182,745,1964,4593,194,Dining
CUST_1898,32,23975,683,Retired,4331,3452,2389,52,291,Travel
CUST_1899,38,13184,574,Freelance,1601,1719,1828,148,260,Cashback
CUST_1900,35,12140,734,Retired,9034,427,303,502,206,Dining
CUST_1901,64,10162,634,Freelance,4149,2744,763,869,563,Dining
CUST_1902,36,7861,604,Executive,8805,2693,1973,3521,48,Dining
CUST_1903,47,3448,800,Executive,10769,731,815,4314,5,Cashback
CUST_1904,28,13591,693,Full-time,4001,799,2159,3871,378,Dining
CUST_1905,66,13492,716,Executive,1149,2411,877,1300,393,Travel
CUST_1906,45,24978,773,Full-time,10559,201,702,2499,223,Shopping
CUST_1907,37,7818,769,Freelance,10121,2929,943,4033,22,Cashback
CUST_1908,49,21680,728,Retired,11951,2193,2326,3289,109,Dining
CUST_1909,73,13680,668,Executive,10772,835,2429,4833,552,Fuel
CUST_1910,28,1734,814,Executive,1383,2686,2060,3853,398,Shopping
CUST_1911,35,16872,699,Executive,4177,3528,302,2451,171,Cashback
CUST_1912,47,21491,764,Freelance,6828,134,1579,4385,305,Fuel
CUST_1913,66,2022,746,Full-time,8494,2673,159,338,563,Fuel
CUST_1914,70,23788,591,Freelance,6996,1287,2201,2824,581,Dining
CUST_1915,72,14218,602,Retired,7883,2111,2228,1693,150,Cashback
CUST_1916,27,22772,800,Freelance,4201,2538,1203,986,427,Dining
CUST_1917,23,11321,844,Retired,3985,3718,2424,3490,466,Travel
CUST_1918,49,7332,820,Executive,11186,40,1191,2733,555,Fuel
CUST_1919,64,14320,672,Retired,6085,3367,1173,3767,66,Travel
CUST_1920,73,17711,815,Retired,10154,3074,2063,4076,155,Dining
CUST_1921,44,8622,578,Full-time,7572,912,1114,2006,205,Shopping
CUST_1922,78,7342,584,Retired,9290,1729,1143,3107,154,Fuel
CUST_1923,23,2816,555,Retired,4147,974,1979,4468,508,Shopping
CUST_1924,40,14700,660,Freelance,10931,1133,252,3330,571,Cashback
CUST_1925,66,19008,843,Executive,1588,3292,1432,3041,73,Fuel
CUST_1926,35,23505,626,Freelance,5745,3441,2078,530,48,Travel
CUST_1927,45,23307,696,Freelance,3689,2415,730,923,466,Shopping
CUST_1928,50,16706,616,Executive,10369,1459,2336,4118,584,Cashback
CUST_1929,34,20471,557,Executive,6073,2965,497,240,178,Fuel
CUST_1930,27,23556,671,Retired,10941,3075,1428,1896,47,Cashback
CUST_1931,37,2878,724,Retired,4072,2040,547,3324,71,Travel
CUST_1932,64,21258,728,Full-time,9869,243,960,813,112,Fuel
CUST_1933,40,3019,634,Freelance,6034,2949,131,4750,158,Cashback
CUST_1934,56,23661,594,Executive,10569,165,1347,782,29,Dining
CUST_1935,29,9435,685,Retired,7702,1049,857,4055,96,Fuel
CUST_1936,58,7593,565,Executive,8412,3466,1155,7,250,Fuel
CUST_1937,68,6855,744,Retired,3292,1497,2032,3773,518,Fuel
CUST_1938,77,22852,558,Full-time,11747,3088,520,4670,91,Fuel
CUST_1939,42,10583,564,Full-time,7545,727,29,3139,112,Dining
CUST_1940,74,7074,651,Executive,10895,1115,2051,3789,258,Travel
CUST_1941,73,21956,775,Full-time,10374,482,508,4051,106,Dining
CUST_1942,73,14824,827,Executive,5040,2590,1260,517,574,Dining
CUST_1943,22,3757,662,Retired,3122,3276,1558,3190,389,Cashback
CUST_1944,44,14911,550,Freelance,11548,3573,15,3102,357,Shopping
CUST_1945,28,16733,815,Full-time,6098,2978,996,4578,198,Shopping
CUST_1946,31,17387,757,Retired,2661,2447,1607,2716,426,Cashback
CUST_1947,33,22308,659,Freelance,7420,1230,1839,578,477,Dining
CUST_1948,37,21121,749,Freelance,10858,2666,2016,4482,502,Cashback
CUST_1949,28,21777,561,Freelance,4847,3217,1253,4507,572,Fuel
CUST_1950,41,3505,737,Retired,8381,2926,1743,1865,119,Cashback
CUST_1951,38,19900,703,Retired,8120,2148,2310,1376,572,Cashback
CUST_1952,50,12360,828,Executive,1898,879,1088,2938,308,Fuel
CUST_1953,38,11570,720,Freelance,6047,829,2312,905,537,Shopping
CUST_1954,66,10888,683,Freelance,2534,3951,1361,964,474,Fuel
CUST_1955,67,19656,574,Freelance,5463,3312,377,1976,551,Travel
CUST_1956,51,21860,567,Executive,6709,2024,1198,4759,343,Cashback
CUST_1957,58,19635,739,Freelance,4216,3994,475,4920,135,Cashback
CUST_1958,52,16109,690,Retired,7102,758,1289,1887,276,Shopping
CUST_1959,31,24353,592,Freelance,8393,162,328,2447,532,Dining
CUST_1960,65,17863,833,Full-time,1480,3955,1839,991,30,Fuel
CUST_1961,45,21104,695,Retired,8963,1196,1186,3556,246,Dining
CUST_1962,53,18423,641,Executive,2870,2549,437,3959,410,Travel
CUST_1963,58,16323,728,Freelance,7468,2594,1390,3604,26,Fuel
CUST_1964,61,19345,605,Full-time,8801,1307,1773,1083,72,Travel
CUST_1965,28,23068,704,Executive,10721,3430,1222,434,96,Travel
CUST_1966,31,10047,709,Executive,2991,2428,1523,20,345,Travel
CUST_1967,42,13015,660,Retired,9659,2917,2063,2922,475,Fuel
CUST_1968,71,1734,686,Executive,10604,2952,1844,1925,299,Fuel
CUST_1969,44,16062,781,Executive,8386,1995,1319,1472,298,Shopping
CUST_1970,61,19432,769,Executive,9672,1934,867,1099,286,Cashback
CUST_1971,37,8980,617,Executive,9964,1556,1811,2637,448,Dining
CUST_1972,32,5713,798,Freelance,3646,3891,983,389,211,Dining
CUST_1973,77,11793,555,Freelance,11124,3234,1262,3413,75,Travel
CUST_1974,66,3173,829,Freelance,3263,3049,1324,2615,400,Fuel
CUST_1975,52,24592,643,Freelance,7637,2656,2053,1354,33,Fuel
CUST_1976,35,3600,818,Full-time,11521,306,1018,4521,497,Travel
CUST_1977,36,13349,746,Freelance,11495,1362,1789,5,515,Cashback
CUST_1978,74,21632,574,Executive,5722,2102,806,190,327,Dining
CUST_1979,42,21057,697,Freelance,5192,3030,1893,147,97,Shopping
CUST_1980,48,19699,667,Freelance,3983,332,1409,4500,365,Cashback
CUST_1981,40,5341,615,Retired,3967,2174,1318,4353,462,Fuel
CUST_1982,53,11697,724,Executive,3797,2752,1141,3550,27,Travel
CUST_1983,30,9516,625,Freelance,7321,242,404,4919,385,Dining
CUST_1984,60,8511,663,Freelance,4027,1884,1786,4105,272,Travel
CUST_1985,52,5993,660,Freelance,7364,2647,593,1110,126,Fuel
CUST_1986,70,18558,798,Full-time,11144,3919,11,3833,201,Travel
CUST_1987,53,10078,752,Freelance,10720,1432,2212,4933,520,Dining
CUST_1988,22,3658,696,Retired,2824,2550,1317,624,286,Travel
CUST_1989,53,20545,584,Executive,1129,3798,1542,4125,449,Dining
CUST_1990,53,3564,575,Executive,3286,2651,2125,2175,87,Travel
CUST_1991,61,4753,787,Freelance,1955,302,613,3149,317,Travel
CUST_1992,33,22863,563,Freelance,10882,3535,1986,1078,18,Dining
CUST_1993,50,14328,594,Freelance,5277,234,868,3551,592,Travel
CUST_1994,53,2901,765,Executive,2985,3767,811,2352,106,Cashback
CUST_1995,33,21143,782,Executive,7886,3109,1822,545,457,Shopping
CUST_1996,72,16693,742,Full-time,3117,2186,766,1195,310,Cashback
CUST_1997,46,13596,600,Retired,4421,194,81,2069,411,Shopping
CUST_1998,42,21807,763,Full-time,5291,1550,1744,3358,497,Cashback
CUST_1999,59,5714,700,Retired,3311,1792,2256,2438,243,Shopping
